brand,serie,code,color,base,surface,medium
gunze,C,C1,16777215,1,G,1
gunze,C,C2,2301728,1,G,1
gunze,C,C3,15539236,1,G,1
gunze,C,C4,16768256,1,G,1
gunze,C,C5,23210,1,G,1
gunze,C,C6,26677,1,G,1
gunze,C,C7,13254966,1,G,1
gunze,C,C8,13751252,1,ME,1
gunze,C,C9,14462769,1,ME,1
gunze,C,C10,13464378,1,ME,1
gunze,C,C11,11844543,1,SG,1
gunze,C,C12,7298876,1,SG,1
gunze,C,C13,6781571,1,SG,1
gunze,C,C14,2314075,1,SG,1
gunze,C,C15,14624,1,SG,1
gunze,C,C16,2249791,1,SG,1
gunze,C,C17,5329996,1,SG,1
gunze,C,C18,2571341,1,SG,1
gunze,C,C19,10322245,1,SG,1
gunze,C,C20,5095333,1,SG,1
gunze,C,C21,11176523,1,SG,1
gunze,C,C22,6050116,1,SG,1
gunze,C,C23,4939853,1,SG,1
gunze,C,C25,7370851,1,SG,1
gunze,C,C26,13621930,1,SG,1
gunze,C,C27,11707189,1,SG,1
gunze,C,C28,2301728,1,ME,1
gunze,C,C29,6370363,1,SG,1
gunze,C,C30,16777215,1,M,1
gunze,C,C31,8686733,1,SG,1
gunze,C,C32,4742500,1,SG,1
gunze,C,C33,2301728,1,M,1
gunze,C,C34,38362,1,G,1
gunze,C,C35,9744574,1,SG,1
gunze,C,C36,2507074,1,SG,1
gunze,C,C37,5530720,1,SG,1
gunze,C,C38,4476989,1,M,1
gunze,C,C39,12228453,1,M,1
gunze,C,C40,3097160,1,M,1
gunze,C,C41,5715000,1,M,1
gunze,C,C42,5059896,1,SG,1
gunze,C,C43,7426362,1,SG,1
gunze,C,C44,12886638,1,SG,1
gunze,C,C45,12169348,1,SG,1
gunze,C,C46,16777215,1,C,1
gunze,C,C47,15539236,1,C,1
gunze,C,C48,16765953,1,C,1
gunze,C,C49,15885602,1,C,1
gunze,C,C50,44783,1,C,1
gunze,C,C51,14920828,1,SG,1
gunze,C,C52,4216401,1,M,1
gunze,C,C54,3819840,1,M,1
gunze,C,C55,5986109,1,M,1
gunze,C,C56,7315355,1,SG,1
gunze,C,C57,31602,1,ME,1
gunze,C,C58,16021792,1,SG,1
gunze,C,C59,15679523,1,G,1
gunze,C,C60,9802880,1,SG,1
gunze,C,C61,5789532,1,ME,1
gunze,C,C62,16777215,1,M,1
gunze,C,C63,15823512,1,G,1
gunze,C,C64,2009674,1,G,1
gunze,C,C65,478882,1,G,1
gunze,C,C66,42576,1,G,1
gunze,C,C67,4731015,1,G,1
gunze,C,C68,14295336,1,G,1
gunze,C,C69,16184302,1,G,1
gunze,C,C70,3819840,1,M,1
gunze,C,C71,3688782,1,G,1
gunze,C,C72,2970978,1,SG,1
gunze,C,C73,7510424,1,G,1
gunze,C,C74,1733502,1,G,1
gunze,C,C75,11479600,1,ME,1
gunze,C,C76,23210,1,ME,1
gunze,C,C77,36952,1,ME,1
gunze,C,C78,2301728,1,ME,1
gunze,C,C79,15539236,1,G,1
gunze,C,C80,3027090,1,SG,1
gunze,C,C81,8139065,1,G,1
gunze,C,C90,13093066,1,ME,1
gunze,C,C92,2301728,1,SG,1
gunze,C,C97,11188143,1,G,1
gunze,C,C100,11479613,1,G,1
gunze,C,C101,3878688,1,G,1
gunze,C,C104,11057343,1,ME,1
gunze,C,C107,15790574,1,SG,1
gunze,C,C108,13182251,1,SG,1
gunze,C,C109,16089631,1,SG,1
gunze,C,C110,478882,1,SG,1
gunze,C,C111,16637391,1,SG,1
gunze,C,C112,16364978,1,SG,1
gunze,C,C113,16426521,1,SG,1
gunze,C,C114,13181770,1,SG,1
gunze,C,C115,7180960,1,SG,1
gunze,C,C116,4210753,1,SG,1
gunze,C,C117,11520969,1,SG,1
gunze,C,C118,7839662,1,SG,1
gunze,C,C119,9597535,1,SG,1
gunze,C,C120,1654572,1,SG,1
gunze,C,C121,5329996,1,SG,1
gunze,C,C122,6587739,1,SG,1
gunze,C,C123,3955795,1,SG,1
gunze,C,C124,215844,1,SG,1
gunze,C,C125,3619,1,SG,1
gunze,C,C126,5531977,1,SG,1
gunze,C,C127,10662272,1,SG,1
gunze,C,C128,10857377,1,SG,1
gunze,C,C129,5466453,1,SG,1
gunze,C,C130,5661512,1,SG,1
gunze,C,C131,4923412,1,SG,1
gunze,C,C132,7298876,1,M,1
gunze,C,C135,3578196,1,M,1
gunze,C,C136,3825993,1,M,1
gunze,C,C137,2301728,1,M,1
gunze,C,C138,42576,1,C,1
gunze,C,C151,16777215,1,PA,1
gunze,C,C156,16777215,1,G,1
gunze,C,C158,14295336,1,G,1
gunze,C,C159,13751252,1,ME,1
gunze,C,C171,15539236,1,FL,1
gunze,C,C172,16773632,1,FL,1
gunze,C,C173,15610148,1,FL,1
gunze,C,C174,15534450,1,FL,1
gunze,C,C175,42576,1,FL,1
gunze,C,C181,16777215,1,C,1
gunze,C,C182,16777215,1,C,1
gunze,C,C183,15725299,1,C,1
gunze,C,C188,16777215,1,M,1
gunze,C,C189,16777215,1,M,1
gunze,C,C301,3949132,1,SG,1
gunze,C,C302,3890265,1,SG,1
gunze,C,C303,5530714,1,SG,1
gunze,C,C304,4801339,1,SG,1
gunze,C,C305,5075056,1,SG,1
gunze,C,C306,7047306,1,SG,1
gunze,C,C307,6981777,1,SG,1
gunze,C,C308,8231839,1,SG,1
gunze,C,C309,3890265,1,SG,1
gunze,C,C310,7759704,1,SG,1
gunze,C,C311,15066831,1,SG,1
gunze,C,C312,4294501,1,SG,1
gunze,C,C313,14990986,1,SG,1
gunze,C,C314,14938855,1,SG,1
gunze,C,C315,9742499,1,G,1
gunze,C,C316,16777215,1,G,1
gunze,C,C317,7371377,1,M,1
gunze,C,C318,16699277,1,SG,1
gunze,C,C319,2388576,1,SG,1
gunze,C,C320,4939085,1,SG,1
gunze,C,C321,11439473,1,SG,1
gunze,C,C322,3226714,1,G,1
gunze,C,C323,47602,1,G,1
gunze,C,C324,8955299,1,M,1
gunze,C,C325,10464163,1,SG,1
gunze,C,C326,3487054,1,G,1
gunze,C,C327,10366259,1,G,1
gunze,C,C328,3226714,1,G,1
gunze,C,C329,16358684,1,G,1
gunze,C,C330,4411472,1,SG,1
gunze,C,C331,5594723,1,SG,1
gunze,C,C332,9345166,1,SG,1
gunze,C,C333,3362651,1,SG,1
gunze,C,C334,8426644,1,SG,1
gunze,C,C335,6519165,1,SG,1
gunze,C,C336,7114354,1,SG,1
gunze,C,C337,4683390,1,SG,1
gunze,C,C338,11844543,1,SG,1
gunze,C,C339,3362651,1,G,1
gunze,C,C340,4086851,1,SG,1
gunze,C,C351,7894862,1,M,1
gunze,C,C352,11968052,1,M,1
gunze,C,C361,3817270,1,M,1
gunze,C,C362,5990252,1,M,1
gunze,C,C363,7768721,1,M,1
gunze,C,C364,7111526,1,M,1
gunze,C,C365,29,1,G,1
gunze,C,C366,5664898,1,M,1
gunze,C,C367,6654096,1,M,1
gunze,C,C368,10531991,1,M,1
gunze,C,C369,5852726,1,M,1
gunze,C,C370,5604268,1,M,1
gunze,C,C374,5275556,1,SG,1
gunze,C,C375,2501955,1,SG,1
gunze,C,C376,11714236,1,SG,1
gunze,C,C383,2576194,1,SG,1
gunze,C,C384,8290121,1,SG,1
gunze,C,C385,11603994,1,SG,1
gunze,C,C391,44434,1,SG,1
gunze,C,C392,1875644,1,SG,1
gunze,C,C393,327685,1,SG,1
gunze,C,C511,5070390,1,M,1
gunze,C,C512,6251063,1,M,1
gunze,C,C513,3886170,1,M,1
gunze,C,C514,4943225,1,M,1
gunze,C,C515,5535359,1,M,1
gunze,C,C516,3753271,1,M,1
gunze,C,C517,4733229,1,M,1
gunze,C,C518,3617566,1,SG,1
gunze,C,C519,4214074,1,M,1
gunze,C,C520,5389095,1,M,1
gunze,C,C521,2369835,1,M,1
gunze,C,C522,5853006,1,M,1
gunze,C,C523,5792334,1,M,1
gunze,C,C524,8878663,1,M,1
gunze,C,C525,3559486,1,M,1
gunze,C,C526,8742484,1,M,1
gunze,C,C527,10386778,1,M,1
gunze,C,C528,12823686,1,M,1
gunze,C,C529,8814192,1,M,1
gunze,C,C530,8287586,1,M,1
gunze,C,C601,8948627,1,M,1
gunze,C,C602,7303794,1,M,1
gunze,C,C603,10002090,1,M,1
gunze,C,C604,5142340,1,M,1
gunze,C,C605,8169842,1,M,1
gunze,C,C606,6769476,1,M,1
gunze,C,C607,7239291,1,SG,1
gunze,C,C608,5396829,1,M,1
gunze,C,C609,4080455,1,M,1
gunze,GX,GX1,16777215,1,G,1
gunze,GX,GX2,2301728,1,G,1
gunze,GX,GX3,15605027,1,G,1
gunze,GX,GX4,16768001,1,G,1
gunze,GX,GX5,88746,1,G,1
gunze,GX,GX6,26419,1,G,1
gunze,GX,GX100,16777215,1,C,1
gunze,GX,GX112,13750996,1,C,1
gunze,GX,GX113,13750996,1,C,1
gunze,GX,GX114,13750996,1,C,1
gunze,GX,LG1,16777215,1,G,1
gunze,GX,LG2,2301728,1,G,1
gunze,GX,LG112,16777215,1,C,1
gunze,GX,LG113,16777215,1,C,1
gunze,GX,LG115,16777215,1,C,1
gunze,GX,GX101,2236191,1,G,1
gunze,GX,GX102,11741487,1,G,1
gunze,GX,GX103,26290,1,G,1
gunze,GX,GX104,1414741,1,G,1
gunze,GX,GX105,14309523,1,G,1
gunze,GX,GX106,14576679,1,G,1
gunze,GX,GX107,7358107,1,G,1
gunze,GX,GX108,5451398,1,G,1
gunze,GX,GX109,10318391,1,G,1
gunze,GX,GX110,11971238,1,G,1
gunze,GX,GX111,10977846,1,G,1
gunze,GX,GX121,10890033,1,G,1
gunze,GX,GX122,3575164,1,G,1
gunze,GX,GX201,6447976,1,ME,1
gunze,GX,GX202,13918818,1,ME,1
gunze,GX,GX203,11379283,1,ME,1
gunze,GX,GX204,3702464,1,ME,1
gunze,GX,GX205,4041635,1,ME,1
gunze,GX,GX206,10319778,1,ME,1
gunze,GX,GX207,8020136,1,ME,1
gunze,GX,GX208,11447984,1,ME,1
gunze,GX,GX209,12161131,1,ME,1
gunze,GX,GX210,11572323,1,ME,1
gunze,GX,GX211,8951150,1,ME,1
gunze,GX,GX212,10838631,1,ME,1
gunze,GX,GX213,10065575,1,ME,1
gunze,GX,GX214,7633810,1,ME,1
gunze,GX,GX215,7483451,1,ME,1
gunze,GX,GX216,3624062,1,ME,1
gunze,GX,GX217,11373908,1,ME,1
gunze,GX,GX218,5392967,1,ME,1
gunze,GX,XC01,10137793,1,PA,1
gunze,GX,XC02,12106383,1,PA,1
gunze,GX,XC03,11103858,1,PA,1
gunze,GX,XC04,8476066,1,PA,1
gunze,GX,XC05,3635132,1,PA,1
gunze,GX,XC06,4563620,1,PA,1
gunze,GX,XC07,2266814,1,PA,1
gunze,GX,XC08,11846357,1,PA,1
gunze,SM,SM201,13422031,1,ME,1
gunze,SM,SM202,13347959,1,ME,1
gunze,SM,SM203,12040379,1,ME,1
gunze,SM,SM204,12369344,1,ME,1
gunze,SM,SM205,14078678,1,ME,1
gunze,SM,SM206,13356238,1,ME,1
gunze,SM,SM207,14594610,1,ME,1
gunze,SM,SM208,13882582,1,ME,1
gunze,SM,SM209,13265753,1,ME,1
gunze,SM,SM210,14262177,1,ME,1
gunze,SM,SM211,14523185,1,ME,1
gunze,SM,SM212,13948375,1,ME,1
gunze,CR,CR1,44783,1,G,1
gunze,CR,CR2,15466636,1,G,1
gunze,CR,CR3,16773632,1,G,1
gunze,CR,HCR1,44783,2,G,5
gunze,CR,HCR2,15466636,2,G,5
gunze,CR,HCR3,16773632,2,G,5
gunze,S,S1,16777215,1,G,2
gunze,S,S2,2301728,1,G,2
gunze,S,S3,15539236,1,G,2
gunze,S,S4,16768256,1,G,2
gunze,S,S5,24751,1,G,2
gunze,S,S6,26677,1,G,2
gunze,S,S8,13751252,1,ME,2
gunze,S,S9,14462769,1,ME,2
gunze,S,S11,11844543,1,SG,2
gunze,S,S12,7298876,1,SG,2
gunze,S,S13,6781571,1,SG,2
gunze,S,S14,2314075,1,SG,2
gunze,S,S15,4476989,1,SG,2
gunze,S,S16,2249791,1,SG,2
gunze,S,S28,2301728,1,ME,2
gunze,S,S29,6370363,1,SG,2
gunze,S,S30,16777215,1,C,2
gunze,S,S31,5010790,1,SG,2
gunze,S,S32,4742500,1,SG,2
gunze,S,S33,2301728,1,M,2
gunze,S,S34,38362,1,G,2
gunze,S,S35,9744574,1,SG,2
gunze,S,S38,4476989,1,M,2
gunze,S,S39,12228453,1,M,2
gunze,S,S40,3097160,1,M,2
gunze,S,S41,5715000,1,M,2
gunze,S,S42,5059896,1,SG,2
gunze,S,S43,7426362,1,SG,2
gunze,S,S44,12886638,1,SG,2
gunze,S,S46,16777215,1,C,2
gunze,S,S47,15539236,1,C,2
gunze,S,S48,16765953,1,C,2
gunze,S,S49,15885602,1,C,2
gunze,S,S50,44783,1,C,2
gunze,S,S58,16021792,1,SG,2
gunze,S,S59,15885602,1,SG,2
gunze,S,S61,5716532,1,ME,2
gunze,S,S62,16777215,1,M,2
gunze,S,S63,15823512,1,G,2
gunze,S,S64,2009674,1,G,2
gunze,S,S65,478882,1,G,2
gunze,S,S66,42576,1,G,2
gunze,S,S67,4731015,1,G,2
gunze,S,S68,14295336,1,G,2
gunze,S,S69,16184302,1,G,2
gunze,S,S70,3819840,1,M,2
gunze,S,S72,2787231,1,SG,2
gunze,S,S75,11479600,1,ME,2
gunze,S,S76,23210,1,ME,2
gunze,S,S77,36952,1,ME,2
gunze,S,S78,2301728,1,ME,2
gunze,S,S79,15539236,1,G,2
gunze,S,S80,3027090,1,SG,2
gunze,S,S81,8139065,1,G,2
gunze,S,S90,13093066,1,ME,2
gunze,S,S92,2301728,1,SG,2
gunze,S,S97,11188143,1,G,2
gunze,S,S101,3878688,1,G,2
gunze,S,S107,15790574,1,SG,2
gunze,S,S108,13182251,1,SG,2
gunze,S,S109,16089631,1,SG,2
gunze,S,S110,478882,1,SG,2
gunze,S,S111,16637391,1,SG,2
gunze,S,S112,16364978,1,SG,2
gunze,S,S115,7180960,1,SG,2
gunze,S,S117,11520969,1,SG,2
gunze,S,S124,2246463,1,SG,2
gunze,S,SJ01,6320762,1,M,2
gunze,S,SJ02,5329492,1,M,2
gunze,H,H1,16777215,2,G,5
gunze,H,H2,2301728,2,G,5
gunze,H,H3,15539236,2,G,5
gunze,H,H4,16768256,2,G,5
gunze,H,H5,23210,2,G,5
gunze,H,H6,36941,2,G,5
gunze,H,H7,13254966,2,G,5
gunze,H,H8,13751252,2,ME,5
gunze,H,H9,14462769,2,ME,5
gunze,H,H10,13464378,2,ME,5
gunze,H,H11,16777215,2,M,5
gunze,H,H12,2301728,2,M,5
gunze,H,H13,14295336,2,M,5
gunze,H,H14,15679523,2,G,5
gunze,H,H15,478882,2,G,5
gunze,H,H16,2794570,2,G,5
gunze,H,H17,6370360,2,G,5
gunze,H,H18,2301728,2,ME,5
gunze,H,H19,15823512,2,G,5
gunze,H,H20,16777215,2,C,5
gunze,H,H21,16184302,2,G,5
gunze,H,H22,5991288,2,G,5
gunze,H,H23,15539236,2,G,5
gunze,H,H24,16021792,2,G,5
gunze,H,H25,38362,2,G,5
gunze,H,H26,42576,2,G,5
gunze,H,H27,12886638,2,G,5
gunze,H,H28,2301728,2,ME,5
gunze,H,H29,15817294,2,G,5
gunze,H,H30,16777215,2,C,5
gunze,H,H31,14938855,2,G,5
gunze,H,H32,3097160,2,G,5
gunze,H,H33,8728629,2,G,5
gunze,H,H34,14983204,2,G,5
gunze,H,H35,3027090,2,G,5
gunze,H,H36,4476989,2,G,5
gunze,H,H37,7426362,2,G,5
gunze,H,H38,4994368,2,ME,5
gunze,H,H39,4731015,2,G,5
gunze,H,H40,16777215,2,M,5
gunze,H,H41,10081472,2,G,5
gunze,H,H42,4025481,2,G,5
gunze,H,H43,13182251,2,G,5
gunze,H,H44,14920828,2,SG,5
gunze,H,H45,49395,2,G,5
gunze,H,H46,44430,2,G,5
gunze,H,H47,7615031,2,G,5
gunze,H,H48,4216401,2,G,5
gunze,H,H49,7308738,2,G,5
gunze,H,H50,8629876,2,G,5
gunze,H,H51,11844543,2,G,5
gunze,H,H52,6247726,2,SG,5
gunze,H,H53,5991288,2,SG,5
gunze,H,H54,2314075,2,SG,5
gunze,H,H55,2301728,2,G,5
gunze,H,H56,2970978,2,SG,5
gunze,H,H57,7510424,2,G,5
gunze,H,H58,11707189,2,SG,5
gunze,H,H59,14624,2,G,5
gunze,H,H60,1727040,2,SG,5
gunze,H,H61,6653327,2,G,5
gunze,H,H62,7771529,2,SG,5
gunze,H,H63,25955,2,ME,5
gunze,H,H64,3818040,2,SG,5
gunze,H,H65,3552825,2,SG,5
gunze,H,H66,10912594,2,SG,5
gunze,H,H67,7581110,2,SG,5
gunze,H,H68,5066063,2,SG,5
gunze,H,H69,6513766,2,SG,5
gunze,H,H70,8552549,2,SG,5
gunze,H,H71,11176523,2,SG,5
gunze,H,H72,8746060,2,SG,5
gunze,H,H73,4939853,2,SG,5
gunze,H,H74,13621930,2,SG,5
gunze,H,H75,7241324,2,SG,5
gunze,H,H76,8419198,2,ME,5
gunze,H,H77,2301728,2,M,5
gunze,H,H78,4476989,2,SG,5
gunze,H,H79,12228453,2,SG,5
gunze,H,H80,2641726,2,M,5
gunze,H,H81,7298876,2,M,5
gunze,H,H82,9737617,2,SG,5
gunze,H,H83,7171691,2,SG,5
gunze,H,H84,5059896,2,SG,5
gunze,H,H85,12169348,2,M,5
gunze,H,H86,14295336,2,G,5
gunze,H,H87,10895958,2,ME,5
gunze,H,H88,23198,2,ME,5
gunze,H,H89,36966,2,ME,5
gunze,H,H90,15539236,2,C,5
gunze,H,H91,16765953,2,C,5
gunze,H,H92,15885602,2,C,5
gunze,H,H93,44783,2,C,5
gunze,H,H94,42576,2,C,5
gunze,H,H95,7694174,2,G,5
gunze,H,H96,13101819,2,G,5
gunze,H,H97,16773632,2,FL,5
gunze,H,H98,15610148,2,FL,5
gunze,H,H99,15534450,2,FL,5
gunze,H,H100,42576,2,FL,5
gunze,H,H101,15539236,2,FL,5
gunze,H,H110,16777215,2,C,5
gunze,H,H151,15856107,2,PA,5
gunze,H,H301,5197903,2,SG,5
gunze,H,H302,4476993,2,SG,5
gunze,H,H303,7298876,2,SG,5
gunze,H,H304,7954491,2,SG,5
gunze,H,H305,6714229,2,SG,5
gunze,H,H306,9081504,2,SG,5
gunze,H,H307,6981777,2,SG,5
gunze,H,H308,8888237,2,SG,5
gunze,H,H309,6049852,2,SG,5
gunze,H,H310,10843486,2,SG,5
gunze,H,H311,15066831,2,SG,5
gunze,H,H312,7772028,2,SG,5
gunze,H,H313,15059102,2,SG,5
gunze,H,H314,14938855,2,SG,5
gunze,H,H315,12697271,2,G,5
gunze,H,H316,16776681,2,G,5
gunze,H,H317,8748669,2,M,5
gunze,H,H318,16699277,2,SG,5
gunze,H,H319,6059601,2,SG,5
gunze,H,H320,7695699,2,SG,5
gunze,H,H321,11439473,2,SG,5
gunze,H,H322,3226714,2,G,5
gunze,H,H323,47602,2,G,5
gunze,H,H324,10398891,2,M,5
gunze,H,H325,10464163,2,SG,5
gunze,H,H326,3487054,2,G,5
gunze,H,H327,10366259,2,G,5
gunze,H,H328,3226714,2,G,5
gunze,H,H329,16559895,2,G,5
gunze,H,H330,6049852,2,SG,5
gunze,H,H331,5594723,2,SG,5
gunze,H,H332,11710891,2,SG,5
gunze,H,H333,5723485,2,SG,5
gunze,H,H334,9482678,2,SG,5
gunze,H,H335,6519165,2,SG,5
gunze,H,H336,12102024,2,SG,5
gunze,H,H337,8490391,2,SG,5
gunze,H,H338,11844543,2,SG,5
gunze,H,H339,5789006,2,G,5
gunze,H,H340,6577729,2,SG,5
gunze,H,H401,3097160,2,M,5
gunze,H,H402,12228453,2,M,5
gunze,H,H403,13019733,2,M,5
gunze,H,H404,10322245,2,M,5
gunze,H,H405,4939853,2,M,5
gunze,H,H406,5715000,2,M,5
gunze,H,H413,16426521,2,SG,5
gunze,H,H414,13181770,2,SG,5
gunze,H,H416,3354930,2,SG,5
gunze,H,H417,11982043,2,SG,5
gunze,H,H418,7055037,2,SG,5
gunze,H,H420,5856574,2,SG,5
gunze,H,H421,5725522,2,SG,5
gunze,H,H422,5338434,2,SG,5
gunze,H,H423,3434326,2,SG,5
gunze,H,H511,6905649,2,M,5
gunze,H,H512,6119734,2,M,5
gunze,H,H513,3820377,2,M,5
gunze,H,H514,4811896,2,M,5
gunze,H,H515,5600637,2,M,5
gunze,H,HCD01,14734826,2,M,5
gunze,H,HCD02,16572395,2,M,5
gunze,H,HCD03,16637399,2,M,5
gunze,H,HCD04,16705235,2,M,5
gunze,H,HCD05,15726046,2,M,5
gunze,H,HCD06,14151133,2,M,5
gunze,H,HCD07,13164524,2,M,5
gunze,H,HJ01,16707808,2,G,5
gunze,H,HJ02,13142932,2,G,5
gunze,H,HJ03,15256970,2,G,5
gunze,H,HJ04,7111350,2,G,5
gunze,H,HJ05,9540998,2,G,5
gunze,H,HJ06,9599636,2,G,5
gunze,H,HJ07,16360731,2,G,5
gunze,H,HJ08,8811372,2,G,5
gunze,H,HM01,8028549,2,SG,5
gunze,H,HM02,7568000,2,SG,5
gunze,N,N1,16777215,8,G,5
gunze,N,N2,2301728,8,G,5
gunze,N,N3,15539236,8,G,5
gunze,N,N4,16768256,8,G,5
gunze,N,N5,23210,8,G,5
gunze,N,N6,36941,8,G,5
gunze,N,N7,13254966,8,G,5
gunze,N,N8,13751252,8,ME,5
gunze,N,N9,14462769,8,ME,5
gunze,N,N10,13464378,8,ME,5
gunze,N,N11,16777215,8,M,5
gunze,N,N12,2301728,8,M,5
gunze,N,N13,14295336,8,M,5
gunze,N,N14,15679523,8,G,5
gunze,N,N15,478882,8,G,5
gunze,N,N16,2794570,8,G,5
gunze,N,N17,6370363,8,SG,5
gunze,N,N18,2301728,8,ME,5
gunze,N,N19,15823512,8,G,5
gunze,N,N20,16777215,8,C,5
gunze,N,N21,16184302,8,G,5
gunze,N,N22,5991288,8,SG,5
gunze,N,N23,15539236,8,G,5
gunze,N,N24,16021792,8,SG,5
gunze,N,N25,38362,8,G,5
gunze,N,N26,42576,8,G,5
gunze,N,N27,12886638,8,SG,5
gunze,N,N28,2301728,8,ME,5
gunze,N,N30,16777215,8,C,5
gunze,N,N32,3097160,8,M,5
gunze,N,N33,8728633,8,G,5
gunze,N,N34,14983204,8,G,5
gunze,N,N35,3027090,8,G,5
gunze,N,N36,14624,8,SG,5
gunze,N,N37,7426362,8,SG,5
gunze,N,N38,4994368,8,ME,5
gunze,N,N39,4731015,8,G,5
gunze,N,N40,16777215,8,M,5
gunze,N,N43,11479613,8,G,5
gunze,N,N44,14920828,8,SG,5
gunze,N,N45,49395,8,G,5
gunze,N,N46,44430,8,G,5
gunze,N,N47,7615031,8,M,5
gunze,N,N49,7308738,8,G,5
gunze,N,N50,8629876,8,G,5
gunze,N,N51,11844543,8,G,5
gunze,N,N52,6247726,8,SG,5
gunze,N,N54,2314075,8,SG,5
gunze,N,N55,3688782,8,G,5
gunze,N,N56,2970978,8,SG,5
gunze,N,N57,7510424,8,G,5
gunze,N,N58,11707189,8,SG,5
gunze,N,N60,2249791,8,SG,5
gunze,N,N61,9744574,8,G,5
gunze,N,N62,7315355,8,SG,5
gunze,N,N63,31602,8,ME,5
gunze,N,N66,10322245,8,SG,5
gunze,N,N67,7180960,8,SG,5
gunze,N,N68,2507074,8,SG,5
gunze,N,N69,5530720,8,SG,5
gunze,N,N70,9802880,8,SG,5
gunze,N,N71,11176523,8,SG,5
gunze,N,N72,6050116,8,SG,5
gunze,N,N73,3819840,8,SG,5
gunze,N,N76,5789532,8,ME,5
gunze,N,N77,2301728,8,M,5
gunze,N,N78,4476989,8,M,5
gunze,N,N79,12228453,8,M,5
gunze,N,N80,3819840,8,M,5
gunze,N,N81,5986109,8,M,5
gunze,N,N82,8686733,8,SG,5
gunze,N,N83,4742500,8,SG,5
gunze,N,N84,5059896,8,SG,5
gunze,N,N85,12169348,8,M,5
gunze,N,N86,14295336,8,G,5
gunze,N,N87,11479600,8,ME,5
gunze,N,N88,23210,8,ME,5
gunze,N,N89,36952,8,ME,5
gunze,N,N90,15539236,8,C,5
gunze,N,N91,16765953,8,C,5
gunze,N,N92,15885602,8,C,5
gunze,N,N93,44783,8,C,5
gunze,N,N94,42576,8,C,5
gunze,N,N95,3878688,8,G,5
gunze,N,N97,16773632,8,FL,5
gunze,N,N98,15610148,8,FL,5
gunze,N,N99,15534450,8,FL,5
gunze,N,N100,42576,8,FL,5
gunze,N,N101,15539236,8,FL,5
gunze,N,N127,10662272,8,SG,5
gunze,N,BN01,16777215,8,M,5
gunze,N,BN02,5135972,8,M,5
gunze,N,BN03,11482182,8,M,5
gunze,N,BN04,16300108,8,M,5
gunze,N,BN05,32196,8,M,5
gunze,N,BN06,27493,8,M,5
gunze,N,NF01,15837875,8,M,5
gunze,N,NF02,16042689,8,M,5
gunze,N,NF03,15390908,8,M,5
gunze,N,NF04,10408865,8,M,5
gunze,N,NF05,11984847,8,M,5
gunze,N,NF06,9063270,8,M,5
gunze,N,NF07,10692946,8,M,5
gunze,N,NF08,8478601,8,M,5
gunze,N,NF09,7891765,8,M,5
gunze,N,ND01,13731636,8,M,5
gunze,N,ND02,12284996,8,M,5
gunze,N,ND03,8016448,8,M,5
gunze,N,ND04,15835499,8,C,5
gunze,N,ND05,7817536,8,M,5
gunze,N,ND06,4928287,8,M,5
gunze,N,ND07,15541301,8,M,5
gunze,CL,CL01,16568503,1,G,1
gunze,CL,CL02,10714486,1,G,1
gunze,CL,CL03,16435135,1,C,1
gunze,CL,CL04,16567196,1,C,1
gunze,CL,CL05,16226670,1,C,1
gunze,CL,CL06,16777215,1,C,1
gunze,CL,CL07,16364717,1,G,1
gunze,CL,CL08,16710645,1,G,1
gunze,CL,CL09,16777215,1,G,1
gunze,CL,CL101,15790233,1,G,1
gunze,CL,CL102,12867384,1,G,1
gunze,CL,CL103,4013374,1,G,1
gunze,CL,CL104,15176896,1,G,1
gunze,CL,CL105,12622278,1,G,1
gunze,CL,CL106,16777215,1,G,1
gunze,CL,CL107,10789009,1,G,1
gunze,CL,CL108,42671,1,G,1
gunze,CL,CL109,9751662,1,G,1
gunze,CL,CL110,15610732,1,G,1
gunze,CL,CL111,6013935,1,G,1
gunze,CL,CL200,15921836,1,PA,1
gunze,CL,CL201,5000784,1,G,1
gunze,CL,CL202,7362903,1,G,1
gunze,CL,CL203,15987699,1,G,1
gunze,CL,BC01,16430235,1,G,1
gunze,CL,BC02,15818579,1,G,1
gunze,CL,BC03,16362127,1,G,1
gunze,CL,BC04,16026516,1,G,1
gunze,SVC,SVC1,16777215,8,G,5
gunze,SVC,SVC2,2301728,8,G,5
gunze,SVC,SVC3,15605027,8,G,5
gunze,SVC,SVC4,16768001,8,G,5
gunze,SVC,SVC5,88746,8,G,5
gunze,SVC,SVC6,13750996,8,ME,5
gunze,SVC,SVC7,14397233,8,ME,5
gunze,SVC,SVC8,2440012,8,ME,5
gunze,SVC,SVC9,14612,8,M,5
gunze,SVC,SVC10,9122837,8,M,5
gunze,SVC,SVC11,4940398,8,M,5
gunze,SVC,SVC101,16250872,8,C,5
gunze,H,HLP101,16568729,2,PA,5
gunze,H,HLP102,9686420,2,PA,5
gunze,H,HLP103,10475731,2,PA,5
gunze,H,HLP104,15642753,2,PA,5
gunze,H,HLP105,11625851,2,PA,5
gunze,H,HLP109,7432325,2,PA,5
gunze,H,HLP110,16580348,2,PA,5
gunze,H,HLP111,12507624,2,PA,5
gunze,H,HLP112,11045817,2,PA,5
gunze,H,HLP113,13034432,2,PA,5
gunze,H,HLP114,6801345,2,PA,5
gunze,H,HLP115,5927075,2,PA,5
gunze,H,HLP116,9003141,2,PA,5
gunze,H,HLP117,15052752,2,PA,5
gunze,H,HLP118,14048603,2,PA,5
gunze,H,HMS01,15912623,2,SG,5
gunze,H,HMS02,16376263,2,SG,5
gunze,H,HMS03,14722697,2,SG,5
gunze,H,HMS04,16239298,2,C,5
gunze,H,HMS05,16567197,2,C,5
gunze,H,HMS06,16294775,2,C,5
gunze,H,HMS07,16777215,2,C,5
gunze,H,HMS08,16777215,2,SG,5
gunze,H,HDQ01,4364748,2,G,5
gunze,H,HDQ02,16225053,2,G,5
gunze,H,HDQ03,8898405,2,G,5
gunze,H,HDQ04,1002899,2,SG,5
gunze,H,HDQ05,13619924,2,ME,5
gunze,H,HEV101,6838420,2,SG,5
gunze,H,HEV102,7454532,2,SG,5
gunze,H,HEV103,16225338,2,SG,5
gunze,H,HV01,7368784,2,SG,5
gunze,H,HV02,12040333,2,SG,5
gunze,H,HV03,6581343,2,SG,5
gunze,H,HV04,7896203,2,SG,5
gunze,H,HV05,2701388,2,SG,5
gunze,UG,UG01,15463414,1,SG,1
gunze,UG,UG02,86944,1,SG,1
gunze,UG,UG03,16562707,1,SG,1
gunze,UG,UG04,13184046,1,SG,1
gunze,UG,UG05,2895921,1,SG,1
gunze,UG,UG06,8956815,1,SG,1
gunze,UG,UG07,5140310,1,SG,1
gunze,UG,UG08,10257853,1,SG,1
gunze,UG,UG09,5198690,1,SG,1
gunze,UG,UG10,14445680,1,SG,1
gunze,UG,UG11,8990287,1,SG,1
gunze,UG,UG12,13706026,1,SG,1
gunze,UG,UG13,1002656,1,SG,1
gunze,UG,UG14,4423361,1,SG,1
gunze,UG,UG15,262415,1,SG,1
gunze,UG,UG16,526615,1,SG,1
gunze,UG,UG17,527960,1,SG,1
gunze,UG,UG18,14019547,1,SG,1
gunze,UG,UG19,40919,1,SG,1
gunze,UG,UG20,15676458,1,SG,1
gunze,UG,UG21,16494615,1,SG,1
gunze,UG,UG22,7483958,1,SG,1
gunze,UG,UG23,15751536,1,SG,1
gunze,UG,UG24,14228814,1,G,1
gunze,UG,UG25,15677557,1,G,1
gunze,UG,UG26,55,1,G,1
gunze,UG,UG27,3564463,1,G,1
gunze,UG,UG28,4079513,1,G,1
gunze,UG,UG29,5975697,1,G,1
gunze,UG,SG01,15463414,1,SG,2
gunze,UG,SG02,86944,1,SG,2
gunze,UG,SG03,16562707,1,SG,2
gunze,UG,SG04,13184046,1,SG,2
gunze,UG,SG05,2895921,1,SG,2
gunze,UG,SG06,8956815,1,SG,2
gunze,UG,SG07,5140310,1,SG,2
gunze,UG,SG08,10257853,1,SG,2
gunze,UG,SG09,5198690,1,SG,2
gunze,UG,SG10,14445680,1,SG,2
gunze,UG,SG11,8990287,1,SG,2
gunze,UG,SG12,13706026,1,SG,2
gunze,UG,SG13,1002656,1,SG,2
gunze,UG,SG14,4423361,1,SG,2
gunze,UG,SG15,262415,1,SG,2
gunze,UG,SG16,526615,1,SG,2
gunze,UG,SG17,527960,1,SG,2
gunze,UG,HGQ01,14739692,2,SG,5
gunze,UG,HGQ02,4751515,2,SG,5
gunze,UG,HGQ03,16225351,2,SG,5
gunze,UG,HGQ04,11802653,2,SG,5
gunze,UG,HGQ05,4340795,2,SG,5
gunze,UG,HGQ06,15751783,2,SG,5
gunze,UG,HGQ07,12527168,2,SG,5
gunze,UG,HUG01,15463414,2,SG,5
gunze,UG,HUG02,86944,2,SG,5
gunze,UG,HUG03,16562707,2,SG,5
gunze,UG,HUG04,15605027,2,SG,5
gunze,UG,HUG05,14445680,2,SG,5
gunze,UG,HUG06,8990287,2,SG,5
gunze,UG,HUG07,985877,2,SG,5
gunze,UG,HUG08,526615,2,SG,5
gunze,UG,HUG09,527960,2,SG,5
gunze,UG,HUG101,5604011,2,SG,5
gunze,UG,HUG102,3890002,2,SG,5
gunze,UG,HUG103,15783398,2,SG,5
gunze,UG,HUG104,11779006,2,SG,5
gunze,UG,HUG105,5991287,2,SG,5
gunze,UG,HUG106,2301728,2,SG,5
gunze,UG,HUG107,30911,2,SG,5
gunze,UG,HUG108,11954310,2,SG,5
gunze,UG,HUG201,14165544,2,SG,5
gunze,UG,HUG202,3955249,2,SG,5
gunze,UG,HUG203,7189168,2,SG,5
gunze,UG,HUG204,13445203,2,SG,5
gunze,UG,HUG205,12753349,2,SG,5
gunze,UG,HUG206,12919879,2,SG,5
gunze,UG,HUG207,15822999,2,SG,5
gunze,UG,HUG208,16090144,2,SG,5
gunze,UG,HUG301,3107238,2,SG,5
gunze,UG,HUG302,11944015,2,SG,5
gunze,UG,HUG303,2301728,2,SG,5
gunze,UG,HUG304,5209022,2,SG,5
gunze,UG,HUG305,524342,2,SG,5
gunze,UG,HUG306,13325674,2,SG,5
gunze,UG,HUG307,8289941,2,SG,5
gunze,UG,HUG308,15921644,2,SG,5
gunze,UG,HUG309,11052709,2,SG,5
gunze,UG,HUG310,13952501,2,SG,5
gunze,UG,HUG311,13614352,2,ME,5
gunze,UG,XHUG01,5209022,2,SG,5
gunze,UG,XHUG02,16317181,2,SG,5
gunze,UG,XHUG03,8422021,2,SG,5
gunze,UG,XHUG04,11611261,2,SG,5
gunze,UG,XHUG05,8814214,2,SG,5
gunze,UG,XHUG06,13290649,2,SG,5
gunze,UG,XHUG07,10370101,2,SG,5
gunze,UG,XHUG08,6383479,2,SG,5
gunze,UG,XHUG09,10591933,2,SG,5
gunze,UG,XHUG10,5459318,2,SG,5
gunze,UG,XHUG11,3439738,2,SG,5
gunze,UG,XHUG12,9535862,2,SG,5
gunze,UG,XHUG13,3623790,2,SG,5
gunze,W,WC01,2170397,1,W,4
gunze,W,WC02,2563091,1,W,4
gunze,W,WC03,6435106,1,W,4
gunze,W,WC04,13812654,1,W,4
gunze,W,WC05,14540253,1,W,4
gunze,W,WC06,6579562,1,W,4
gunze,W,WC07,9204823,1,W,4
gunze,W,WC08,12614983,1,W,4
gunze,W,WC09,1456230,1,W,4
gunze,W,WC10,15715656,1,W,4
gunze,W,WC11,8811417,1,W,4
gunze,W,WC12,3823674,1,W,4
gunze,W,WT01,16777215,8,W,4
gunze,W,WT02,197379,8,W,4
gunze,W,WT03,7235422,8,W,4
gunze,W,WT04,14976589,8,W,4
gunze,W,WT05,13813942,8,W,4
gunze,W,WT06,11642017,8,W,4
gunze,W,MIG01,6377256,1,W,4
gunze,W,MIG02,6041372,1,W,4
gunze,W,MIG03,16249823,1,W,4
gunze,W,MIG04,15195842,1,W,4
gunze,W,MIG05,5655335,1,W,4
gunze,W,MIG06,3482389,1,W,4
gunze,W,MIG07,5519903,1,W,4
gunze,W,MIG08,12748897,1,W,4
gunze,W,MIG09,15390881,1,W,4
gunze,W,MIG10,5521184,1,W,4
gunze,W,MIG11,13673333,1,W,4
gunze,W,MIG12,16249797,1,W,4
gunze,W,MIG13,2296327,1,W,4
gunze,W,MIG14,8412723,1,W,4
gunze,W,MIG15,5518363,8,W,4
gunze,W,MIG16,11614766,1,W,4
gunze,C,CA01,3816253,1,G,1
gunze,C,CA02,7237747,1,G,1
gunze,C,CA03,10592934,1,G,1
gunze,C,CA04,14540254,1,G,1
gunze,C,CA05,5985108,1,SG,1
gunze,C,CRE01,7286322,1,PA,1
gunze,C,CRE02,2604478,1,G,1
gunze,C,CRE03,3623487,1,G,1
gunze,C,UM01,9935260,1,ME,1
gunze,C,UM02,14002216,1,ME,1
gunze,C,CV01,11554112,1,ME,1
gunze,C,CV02,2052755,1,ME,1
gunze,C,CV03,3570783,1,ME,1
gunze,C,CV04,9333165,1,ME,1
gunze,C,CV05,9003065,1,ME,1
gunze,C,CV06,5065544,1,ME,1
gunze,C,CV07,16382953,1,ME,1
gunze,C,LAC101,2301728,1,SG,1
gunze,C,LAC102,5327174,1,ME,1
gunze,C,LAC103,11053485,1,ME,1
gunze,C,LAC104,11593,1,ME,1
gunze,C,LAC105,9338958,1,M,1
gunze,C,LAC106,8876121,1,M,1
gunze,C,CKA01,9947452,1,SG,1
gunze,C,XGC01,14737886,1,G,1
gunze,C,XGC02,3768971,1,G,1
gunze,C,XGC03,8756856,1,G,1
gunze,C,XAC01,3952494,1,SG,1
gunze,C,XAC02,4468005,1,SG,1
gunze,C,XUC01,13158601,1,ME,1
gunze,C,XUC02,12400449,1,SG,1
gunze,C,XUC03,2898279,1,SG,1
gunze,C,XGP01,2506830,1,SG,1
gunze,C,XGP02,7222552,1,SG,1
gunze,C,XGP03,4939308,1,SG,1
gunze,M,GM04,14072453,2,G,8
gunze,M,GM05,12435131,2,ME,8
gunze,M,GM06,23210,2,G,8
gunze,M,GM07,15538246,2,G,8
gunze,M,GM08,16426521,2,G,8
gunze,M,GM09,635498,2,FL,8
gunze,M,GM10,334114,2,G,8
gunze,M,GM11,15921907,2,G,8
gunze,M,GM12,8422021,2,G,8
gunze,M,GM13,5794951,2,G,8
gunze,M,GM14,15894454,2,FL,8
gunze,M,GM15,10735458,2,FL,8
gunze,M,GM16,12802130,2,ME,8
gunze,M,GM17,7839681,2,ME,8
gunze,M,GM18,7051897,2,ME,8
gunze,M,GM19,8287386,2,ME,8
gunze,M,GM501,16777215,2,C,8
gunze,M,GM502,16777215,2,C,8
gunze,M,XGM01,15921907,2,ME,8
gunze,M,XGM02,12961476,2,ME,8
gunze,M,XGM03,13785163,2,ME,8
gunze,M,XGM04,4814009,2,ME,8
gunze,M,XGM05,11900290,2,ME,8
gunze,M,XGM06,6931087,2,ME,8
gunze,M,XGM07,14401669,2,ME,8
gunze,M,XGM08,14532446,2,ME,8
gunze,M,XGM100,8882567,2,ME,8
gunze,M,XGM301,15263708,2,PA,8
gunze,M,XGM302,14400596,2,PA,8
gunze,M,XGM201,10991295,2,ME,8
gunze,M,XGM202,10844568,2,ME,8
gunze,M,XGM203,14997348,2,ME,8
gunze,M,XGM204,47858,2,ME,8
gunze,M,XGM205,9686148,2,ME,8
gunze,M,GM01,2301728,2,G,8
gunze,M,GM02,5066063,2,G,8
gunze,M,GM03,7549511,2,G,8
gunze,M,GM20,2301728,8,G,8
gunze,M,GM21,5066063,8,G,8
gunze,M,GM22,2895413,2,ME,8
gunze,M,GM300,16777215,2,G,8
gunze,M,GM301,2103320,2,G,8
gunze,M,GM302,9474192,2,G,8
gunze,M,GM303,7356472,2,G,8
gunze,M,GM311,15751208,2,G,8
gunze,M,GM312,2635920,2,G,8
gunze,M,GM313,18480,2,G,8
gunze,M,GM400,16777215,8,G,8
gunze,M,GM401,4742529,8,G,8
gunze,M,GM402,4869462,8,G,8
gunze,M,GM403,280731,8,G,8
gunze,M,GM404,8002397,8,G,8
gunze,M,GM405,16744003,8,G,8
gunze,M,GM406,2895413,8,G,8
gunze,M,GM407,8272176,8,G,8
gunze,M,GM408,2907199,8,G,8
gunze,M,GM409,16751699,8,G,8
gunze,M,GM410,16760269,8,G,8
gunze,M,GM34,13115464,2,G,8
gunze,M,GM35,9447496,2,G,8
gunze,M,GM36,2641992,2,G,8
gunze,M,GM37,4753496,2,G,8
gunze,M,GM38,16,2,G,8
gunze,M,GM39,2637904,2,G,8
gunze,M,GM40,13637664,2,G,8
gunze,M,GM41,16295952,2,G,8
gunze,M,GM42,14739688,2,G,8
gunze,M,GM43,35016,2,G,8
gunze,M,GM44,6316128,2,G,8
gunze,M,GM45,8264,2,G,8
gunze,M,GM46,13637664,2,G,8
gunze,M,GM47,16293912,2,G,8
gunze,M,GM48,6176,2,G,8
gunze,M,GM184,15790320,2,G,8
gunze,M,GM50,15761584,2,G,8
gunze,M,GM51,3704920,2,ME,8
gunze,M,GM151,15259840,2,ME,8
gunze,M,GM152,14737632,2,ME,8
gunze,M,GM153,22696,2,ME,8
gunze,M,GM154,11589792,2,ME,8
gunze,M,GM155,15767696,2,ME,8
gunze,M,GM166,2629664,2,G,8
gunze,M,GM167,13670440,2,ME,8
gunze,M,GM168,37080,2,G,8
gunze,M,GM169,4728960,2,G,8
gunze,M,GM170,526416,2,G,8
gunze,M,GM171,13115464,2,G,8
gunze,M,GM172,7895160,2,ME,8
gunze,M,GM173,542880,2,ME,8
gunze,M,GM174,11589792,2,ME,8
gunze,M,GM175,16302224,2,ME,8
gunze,M,GM176,16306400,2,ME,8
gunze,M,GM177,14211288,2,ME,8
gunze,M,GM178,14733488,2,ME,8
gunze,M,GM179,14211288,2,ME,8
gunze,M,GM180,14737632,2,ME,8
gunze,M,GM181,15767696,2,ME,8
gunze,M,GM182,22696,2,ME,8
gunze,M,GM183,5269632,2,G,8
gunze,M,GM185,12626048,2,G,8
gunze,M,GM186,4732984,2,G,8
gunze,M,GM187,6320224,2,G,8
gunze,M,GM188,10006704,2,G,8
gunze,M,GM189,4208688,2,G,8
gunze,M,GM190,2633784,2,G,8
gunze,M,TM01,6838384,2,G,8
gunze,M,TM02,15259840,2,ME,8
gunze,M,TM03,14211288,2,ME,8
gunze,M,TM04,14737632,2,ME,8
gunze,M,TM05,11589824,2,ME,8
gunze,M,TM06,2103320,2,G,8
gunze,M,TM07,10526880,2,G,8
gunze,M,TM08,4741264,2,G,8
gunze,M,TM09,3688488,2,G,8
gunze,M,TM10,5793840,2,G,8
gunze,M,TM11,4737096,2,G,8
gunze,M,TM12,4737096,2,G,8
gunze,M,PSM01,2103320,2,G,8
gunze,M,PSM02,2119736,2,G,8
gunze,M,PSM03,8398944,2,G,8
gunze,M,PSM04,7354416,2,G,8
gunze,M,PSM05,14192720,2,G,8
gunze,M,PSM06,2113664,2,G,8
tamiya,TS,TS1,8346180,1,U,2
tamiya,AS,AS1,2312517,1,M,2
tamiya,PS,PS1,16777215,1,G,2
tamiya,LP,LP1,2300182,1,G,1
tamiya,X,X1,2300182,6,G,5
tamiya,XF,XF1,2300182,6,M,5
tamiya,TS,TS2,2182717,1,U,2
tamiya,AS,AS2,10726312,1,M,2
tamiya,PS,PS2,15073299,1,G,2
tamiya,LP,LP2,16777215,1,G,1
tamiya,X,X2,2300182,6,G,5
tamiya,XF,XF2,16777215,6,M,5
tamiya,TS,TS3,13218891,1,U,2
tamiya,AS,AS3,2644320,1,M,2
tamiya,PS,PS3,42474,1,G,2
tamiya,LP,LP3,2300182,1,M,1
tamiya,X,X3,1455456,6,G,5
tamiya,XF,XF3,16769280,6,M,5
tamiya,TS,TS4,4739415,1,U,2
tamiya,AS,AS4,3557713,1,M,2
tamiya,PS,PS4,16536,1,G,2
tamiya,LP,LP4,16777215,1,M,1
tamiya,X,X4,20130,6,G,5
tamiya,XF,XF4,12173863,6,M,5
tamiya,TS,TS5,4807997,1,U,2
tamiya,AS,AS5,9287095,1,M,2
tamiya,PS,PS5,2300182,1,G,2
tamiya,LP,LP5,2300182,1,SG,1
tamiya,X,X5,27461,6,G,5
tamiya,XF,XF5,5997409,6,M,5
tamiya,TS,TS6,2300182,1,U,2
tamiya,AS,AS6,4807997,1,M,2
tamiya,PS,PS6,16773376,1,G,2
tamiya,LP,LP6,23468,1,G,1
tamiya,X,X6,15559680,6,G,5
tamiya,XF,XF6,12864807,6,ME,5
tamiya,TS,TS7,16776952,1,U,2
tamiya,AS,AS7,9805989,1,M,2
tamiya,PS,PS7,15694336,1,G,2
tamiya,LP,LP7,15073299,1,G,1
tamiya,X,X7,15073299,6,G,5
tamiya,XF,XF7,15073309,6,M,5
tamiya,TS,TS8,15073299,1,U,2
tamiya,AS,AS8,13958,1,M,2
tamiya,PS,PS8,6010161,1,G,2
tamiya,LP,LP8,16773376,1,G,1
tamiya,X,X8,16768512,6,G,5
tamiya,XF,XF8,26772,6,M,5
tamiya,TS,TS9,22587,1,U,2
tamiya,AS,AS9,4871220,1,M,2
tamiya,PS,PS9,19251,1,G,2
tamiya,LP,LP9,16777215,1,C,1
tamiya,X,X9,7616303,6,G,5
tamiya,XF,XF9,6368560,6,M,5
tamiya,TS,TS10,35023,1,U,2
tamiya,AS,AS10,8689835,1,M,2
tamiya,PS,PS10,7489176,1,G,2
tamiya,LP,LP10,16777215,1,C,1
tamiya,X,X10,5855063,6,ME,5
tamiya,XF,XF10,5191731,6,M,5
tamiya,TS,TS11,6756895,1,U,2
tamiya,AS,AS11,12172202,1,M,2
tamiya,PS,PS11,15835331,1,G,2
tamiya,LP,LP11,14606303,1,ME,1
tamiya,X,X11,14145496,6,ME,5
tamiya,XF,XF11,18234,6,M,5
tamiya,TS,TS12,15762176,1,U,2
tamiya,AS,AS12,13224650,1,ME,2
tamiya,PS,PS12,14013910,1,ME,2
tamiya,LP,LP12,7437445,1,M,1
tamiya,X,X12,13477633,6,ME,5
tamiya,XF,XF12,13226691,6,M,5
tamiya,TS,TS13,16777215,1,C,2
tamiya,AS,AS13,3558971,1,M,2
tamiya,PS,PS13,15514624,1,ME,2
tamiya,LP,LP13,5461856,1,M,1
tamiya,X,X13,24969,6,ME,5
tamiya,XF,XF13,83266,6,M,5
tamiya,TS,TS14,2300182,1,U,2
tamiya,AS,AS14,4481343,1,M,2
tamiya,PS,PS14,13393175,1,ME,2
tamiya,LP,LP14,8224902,1,M,1
tamiya,X,X14,42474,6,G,5
tamiya,XF,XF14,15592665,6,M,5
tamiya,TS,TS15,18333,1,U,2
tamiya,AS,AS15,12360038,1,M,2
tamiya,PS,PS15,15073299,1,ME,2
tamiya,LP,LP15,6515572,1,M,1
tamiya,X,X15,7519019,6,G,5
tamiya,XF,XF15,16436623,6,M,5
tamiya,TS,TS16,16773376,1,U,2
tamiya,AS,AS16,13684161,1,M,2
tamiya,XF,XF16,12040376,6,ME,5
tamiya,PS,PS16,26807,1,ME,2
tamiya,LP,LP16,12562310,1,M,1
tamiya,X,X16,5654926,6,G,5
tamiya,TS,TS17,14474717,1,ME,2
tamiya,AS,AS17,810572,1,M,2
tamiya,XF,XF17,1063512,6,M,5
tamiya,PS,PS17,33858,1,ME,2
tamiya,LP,LP17,6179379,1,M,1
tamiya,X,X17,15631538,6,G,5
tamiya,TS,TS18,15073342,1,ME,2
tamiya,AS,AS18,10991028,1,M,2
tamiya,XF,XF18,555168,6,M,5
tamiya,PS,PS18,4802962,1,ME,2
tamiya,LP,LP18,9912618,1,M,1
tamiya,X,X18,2300182,6,G,5
tamiya,TS,TS19,22178,1,ME,2
tamiya,AS,AS19,5872310,1,M,2
tamiya,XF,XF19,13226441,6,M,5
tamiya,PS,PS19,16500224,1,G,2
tamiya,LP,LP19,5855063,1,ME,1
tamiya,X,X19,13093064,6,G,5
tamiya,TS,TS20,40769,1,ME,2
tamiya,AS,AS20,14539990,1,M,2
tamiya,XF,XF20,11582647,6,M,5
tamiya,PS,PS20,15073299,1,FL,2
tamiya,LP,LP20,9013641,1,ME,1
tamiya,X,X20,16777215,6,C,5
tamiya,X,X20A,16777215,6,C,5
tamiya,TS,TS21,14070784,1,ME,2
tamiya,AS,AS21,16948,1,M,2
tamiya,XF,XF21,15266253,6,M,5
tamiya,PS,PS21,39236,1,G,2
tamiya,LP,LP21,15073299,1,G,1
tamiya,X,X21,16777215,6,M,5
tamiya,TS,TS22,14409728,1,U,2
tamiya,AS,AS22,8281169,1,M,2
tamiya,XF,XF22,5399399,6,M,5
tamiya,PS,PS22,29767,1,G,2
tamiya,LP,LP22,16777215,1,M,1
tamiya,X,X22,16777215,6,C,5
tamiya,TS,TS23,41449,1,U,2
tamiya,AS,AS23,3959092,1,M,2
tamiya,XF,XF23,8309982,6,M,5
tamiya,PS,PS23,5723477,1,ME,2
tamiya,LP,LP23,16777215,1,C,1
tamiya,X,X23,42730,6,C,5
tamiya,TS,TS24,5654926,1,U,2
tamiya,AS,AS24,2379572,1,M,2
tamiya,XF,XF24,3303544,6,M,5
tamiya,PS,PS24,15289131,1,FL,2
tamiya,LP,LP24,16777215,1,C,1
tamiya,X,X24,16770304,6,C,5
tamiya,TS,TS25,16037072,1,U,2
tamiya,AS,AS25,8430000,1,M,2
tamiya,XF,XF25,8690342,6,M,5
tamiya,PS,PS25,32597,1,G,2
tamiya,LP,LP25,8346670,1,M,1
tamiya,X,X25,40513,6,C,5
tamiya,TS,TS26,16777215,1,U,2
tamiya,AS,AS26,10007745,1,M,2
tamiya,XF,XF26,681025,6,M,5
tamiya,LP,LP26,1663034,1,M,1
tamiya,X,X26,15695360,6,C,5
tamiya,TS,TS27,16777215,1,U,2
tamiya,AS,AS27,9281705,1,M,2
tamiya,XF,XF27,17969,6,M,5
tamiya,PS,PS27,16773376,1,FL,2
tamiya,LP,LP27,4417656,1,M,1
tamiya,X,X27,15073337,6,C,5
tamiya,TS,TS28,3955767,1,U,2
tamiya,AS,AS28,9281705,1,M,2
tamiya,XF,XF28,10846307,6,ME,5
tamiya,PS,PS28,10406165,1,FL,2
tamiya,LP,LP28,4741691,1,M,1
tamiya,X,X28,39236,6,G,5
tamiya,TS,TS29,2300182,1,U,2
tamiya,AS,AS29,12174503,1,M,2
tamiya,PS,PS29,15428516,1,FL,2
tamiya,LP,LP29,3955767,1,M,1
tamiya,TS,TS30,14606303,1,ME,2
tamiya,AS,AS30,3495475,1,M,2
tamiya,PS,PS30,28343,1,G,2
tamiya,LP,LP30,15054966,1,M,1
tamiya,TS,TS31,15357189,1,U,2
tamiya,AS,AS31,7179931,1,M,2
tamiya,PS,PS31,13156035,1,G,2
tamiya,LP,LP31,16948,1,SG,1
tamiya,X,X31,14535589,6,ME,5
tamiya,TS,TS32,6918041,1,U,2
tamiya,AS,AS32,11255739,1,M,2
tamiya,PS,PS32,11719643,1,G,2
tamiya,LP,LP32,13226691,1,SG,1
tamiya,X,X32,14671311,6,ME,5
tamiya,TS,TS33,9912618,1,U,2
tamiya,AS,AS33,7303023,1,M,2
tamiya,PS,PS33,13959245,1,G,2
tamiya,LP,LP33,12174503,1,SG,1
tamiya,X,X33,8877429,6,G,5
tamiya,TS,TS34,16432640,1,U,2
tamiya,PS,PS34,15073299,1,G,2
tamiya,LP,LP34,13684161,1,M,1
tamiya,X,X34,12604936,6,ME,5
tamiya,TS,TS35,39236,1,U,2
tamiya,PS,PS35,5797818,1,G,2
tamiya,LP,LP35,14539990,1,M,1
tamiya,X,X35,16777215,2,C,5
tamiya,TS,TS36,15073299,1,FL,2
tamiya,PS,PS36,14474717,1,ME,2
tamiya,LP,LP36,8430000,1,M,1
tamiya,TS,TS37,6297990,1,U,2
tamiya,PS,PS37,13111869,1,G,2
tamiya,LP,LP37,10007745,1,M,1
tamiya,TS,TS38,5855063,1,ME,2
tamiya,PS,PS38,745133,1,G,2
tamiya,LP,LP38,14474717,1,ME,1
tamiya,TS,TS39,13113118,1,U,2
tamiya,PS,PS39,42474,1,G,2
tamiya,LP,LP39,16776952,1,G,1
tamiya,TS,TS40,4078137,1,ME,2
tamiya,PS,PS40,15835331,1,G,2
tamiya,LP,LP40,4078137,1,ME,1
tamiya,TS,TS41,45479,1,U,2
tamiya,PS,PS41,13357267,1,ME,2
tamiya,LP,LP41,14734,1,G,1
tamiya,TS,TS42,9013641,1,ME,2
tamiya,PS,PS42,16773376,1,G,2
tamiya,LP,LP42,13113118,1,G,1
tamiya,TS,TS43,19506,1,U,2
tamiya,PS,PS43,15762176,1,G,2
tamiya,LP,LP43,16777215,1,G,1
tamiya,TS,TS44,26030,1,U,2
tamiya,PS,PS44,41041,1,G,2
tamiya,LP,LP44,15628288,1,ME,1
tamiya,TS,TS45,16777215,1,U,2
tamiya,PS,PS45,5786781,1,G,2
tamiya,LP,LP45,15504,1,G,1
tamiya,TS,TS46,15054966,1,U,2
tamiya,LP,LP46,14614545,1,ME,1
tamiya,TS,TS47,16769280,1,U,2
tamiya,LP,LP47,15504,1,G,1
tamiya,TS,TS48,7374996,1,U,2
tamiya,PS,PS48,14541541,1,ME,2
tamiya,LP,LP48,14606303,1,ME,1
tamiya,TS,TS49,15073299,1,U,2
tamiya,XF,XF49,10194739,6,M,5
tamiya,PS,PS49,9815523,1,G,2
tamiya,LP,LP49,16316664,1,C,1
tamiya,TS,TS50,14734,1,U,2
tamiya,XF,XF50,819621,6,M,5
tamiya,PS,PS50,13935554,1,G,2
tamiya,LP,LP50,15073299,1,G,1
tamiya,TS,TS51,15504,1,U,2
tamiya,XF,XF51,5726044,6,M,5
tamiya,PS,PS51,8686268,1,G,2
tamiya,LP,LP51,15830272,1,G,1
tamiya,TS,TS52,2272313,1,U,2
tamiya,XF,XF52,10045744,6,M,5
tamiya,PS,PS52,14075511,1,ME,2
tamiya,LP,LP52,15073337,1,C,1
tamiya,TS,TS53,203882,1,ME,2
tamiya,XF,XF53,7439502,6,M,5
tamiya,LP,LP53,15829248,1,C,1
tamiya,TS,TS54,31402,1,ME,2
tamiya,XF,XF54,11317939,6,M,5
tamiya,PS,PS54,42134,1,G,2
tamiya,LP,LP54,5391155,1,M,1
tamiya,TS,TS55,12117,1,U,2
tamiya,XF,XF55,13352610,6,M,5
tamiya,PS,PS55,16777215,1,C,2
tamiya,LP,LP55,13218891,1,M,1
tamiya,TS,TS56,15762176,1,U,2
tamiya,XF,XF56,7500145,6,ME,5
tamiya,PS,PS56,14004736,1,G,2
tamiya,LP,LP56,5997409,1,M,1
tamiya,TS,TS57,5797818,1,U,2
tamiya,XF,XF57,13346683,6,M,5
tamiya,PS,PS57,16777215,1,G,2
tamiya,LP,LP57,5191731,1,M,1
tamiya,TS,TS58,7971530,1,U,2
tamiya,XF,XF58,2115639,6,M,5
tamiya,PS,PS58,16777215,1,C,2
tamiya,LP,LP58,2511928,1,M,1
tamiya,TS,TS59,13603750,1,U,2
tamiya,XF,XF59,15976327,6,M,5
tamiya,PS,PS59,12661,1,ME,2
tamiya,LP,LP59,6966065,1,M,1
tamiya,TS,TS60,9028777,1,U,2
tamiya,XF,XF60,13152833,6,M,5
tamiya,PS,PS60,15073299,1,G,2
tamiya,LP,LP60,2300182,1,M,1
tamiya,TS,TS61,2511928,1,U,2
tamiya,XF,XF61,17969,6,M,5
tamiya,PS,PS61,14777088,1,ME,2
tamiya,LP,LP61,7500145,1,ME,1
tamiya,TS,TS62,6966065,1,U,2
tamiya,XF,XF62,4741691,6,M,5
tamiya,PS,PS62,15830272,1,G,2
tamiya,LP,LP62,14404244,1,ME,1
tamiya,TS,TS63,3088677,1,U,2
tamiya,XF,XF63,4417656,6,M,5
tamiya,PS,PS63,8490387,1,ME,2
tamiya,LP,LP63,14539983,1,ME,1
tamiya,TS,TS64,9279,1,U,2
tamiya,XF,XF64,5257512,6,M,5
tamiya,LP,LP64,2511928,1,M,1
tamiya,TS,TS65,16777215,1,C,2
tamiya,XF,XF65,4156278,6,M,5
tamiya,LP,LP65,2300182,1,M,1
tamiya,TS,TS66,7437445,1,U,2
tamiya,XF,XF66,5335670,6,M,5
tamiya,LP,LP66,16436623,1,M,1
tamiya,TS,TS67,5461856,1,U,2
tamiya,XF,XF67,2511928,2,M,5
tamiya,LP,LP67,13093064,1,G,1
tamiya,TS,TS68,12562310,1,U,2
tamiya,XF,XF68,6966065,2,M,5
tamiya,LP,LP68,42730,1,C,1
tamiya,TS,TS69,6179379,1,U,2
tamiya,XF,XF69,2300182,2,M,5
tamiya,LP,LP69,16770304,1,C,1
tamiya,TS,TS70,2511928,1,U,2
tamiya,XF,XF70,16948,6,M,5
tamiya,LP,LP70,14474717,1,ME,1
tamiya,TS,TS71,13288648,1,U,2
tamiya,XF,XF71,7706741,6,M,5
tamiya,LP,LP71,13813915,1,ME,1
tamiya,TS,TS72,45013,1,C,2
tamiya,XF,XF72,8346670,2,M,5
tamiya,LP,LP72,13949404,1,ME,1
tamiya,TS,TS73,15829248,1,C,2
tamiya,XF,XF73,1663034,2,M,5
tamiya,LP,LP73,10194739,1,M,1
tamiya,TS,TS74,15073337,1,C,2
tamiya,XF,XF74,2511928,2,M,5
tamiya,LP,LP74,10045744,1,M,1
tamiya,TS,TS75,13813915,1,ME,2
tamiya,XF,XF75,7437445,2,M,5
tamiya,LP,LP75,13346683,1,M,1
tamiya,TS,TS76,14474717,1,ME,2
tamiya,XF,XF76,12174503,2,M,5
tamiya,LP,LP76,11699024,1,M,1
tamiya,TS,TS77,16436623,1,M,2
tamiya,XF,XF77,5461856,2,M,5
tamiya,LP,LP77,15119214,1,M,1
tamiya,TS,TS78,4156278,1,U,2
tamiya,XF,XF78,12562310,2,M,5
tamiya,LP,LP78,26772,1,M,1
tamiya,TS,TS79,16777215,1,C,2
tamiya,XF,XF79,6179379,2,M,5
tamiya,LP,LP79,15073309,1,M,1
tamiya,TS,TS80,16777215,1,C,2
tamiya,XF,XF80,12700361,2,M,5
tamiya,LP,LP80,16769280,1,M,1
tamiya,TS,TS81,12700361,1,U,2
tamiya,XF,XF81,3495475,2,M,5
tamiya,LP,LP81,2042726,1,G,1
tamiya,TS,TS82,2300182,1,U,2
tamiya,XF,XF82,7114138,2,M,5
tamiya,LP,LP82,13111869,1,G,1
tamiya,TS,TS83,12699084,1,ME,2
tamiya,XF,XF83,11255738,2,M,5
tamiya,LP,LP83,16701184,1,G,1
tamiya,TS,TS84,13812604,1,ME,2
tamiya,XF,XF84,5391155,6,M,5
tamiya,LP,LP84,7303023,1,M,1
tamiya,TS,TS85,15073299,1,U,2
tamiya,XF,XF85,2300182,6,M,5
tamiya,LP,LP85,8684676,1,M,1
tamiya,TS,TS86,15073299,1,U,2
tamiya,XF,XF86,16777215,2,C,5
tamiya,TS,TS87,14404244,1,ME,2
tamiya,XF,XF87,8224902,2,M,5
tamiya,TS,TS88,14539983,1,ME,2
tamiya,XF,XF88,13218891,2,M,5
tamiya,TS,TS89,15504,1,U,2
tamiya,XF,XF89,5997409,2,M,5
tamiya,TS,TS90,8346670,1,U,2
tamiya,XF,XF90,5191731,2,M,5
tamiya,TS,TS91,1663034,1,U,2
tamiya,XF,XF91,6515572,2,M,5
tamiya,TS,TS92,15628288,1,ME,2
tamiya,XF,XF92,11699024,2,M,5
tamiya,TS,TS93,23468,1,U,2
tamiya,XF,XF93,15119214,2,M,5
tamiya,TS,TS94,7500145,1,ME,2
tamiya,TS,TS95,14614545,1,ME,2
tamiya,TS,TS96,16231168,1,FL,2
tamiya,TS,TS97,16771584,1,U,2
tamiya,TS,TS98,15964160,1,U,2
tamiya,TS,TS99,8224902,1,U,2
tamiya,TS,TS100,7438215,1,ME,2
tamiya,TS,TS101,16777215,1,U,2
tamiya,TS,TS102,42134,1,U,2
ak,IC,11001,16777215,8,M,5
ak,S,11002,15132122,8,M,5
ak,S,11003,15790568,8,M,5
ak,S,11004,15591872,8,M,5
ak,S,11005,14478535,8,M,5
ak,S,11006,14471600,8,M,5
ak,S,11007,11907216,8,M,5
ak,S,11008,14205844,8,M,5
ak,S,11009,11051141,8,M,5
ak,S,11010,11252380,8,M,5
ak,S,11011,12306630,8,M,5
ak,S,11012,11448749,8,M,5
ak,S,11013,10725549,8,M,5
ak,S,11014,9802621,8,M,5
ak,S,11015,7434862,8,M,5
ak,S,11016,7699044,8,M,5
ak,S,11017,7300177,8,M,5
ak,S,11018,6253157,8,M,5
ak,S,11019,6515038,8,M,5
ak,S,11020,6580321,8,M,5
ak,S,11021,5528664,8,M,5
ak,S,11022,4277570,8,M,5
ak,S,11023,4014911,8,M,5
ak,S,11024,3816758,8,M,5
ak,S,11025,3158829,8,M,5
ak,S,11026,2631453,8,M,5
ak,S,11027,2105365,8,M,5
ak,S,11028,2237982,8,M,5
ak,IC,11029,132099,8,M,5
ak,S,11030,14529875,8,M,5
ak,S,11031,13215586,8,M,5
ak,S,11032,15520387,8,M,5
ak,S,11033,14792798,8,M,5
ak,S,11034,12817726,8,M,5
ak,S,11035,14989637,8,M,5
ak,S,11036,16511118,8,M,5
ak,PC,11037,16636024,8,M,5
ak,S,11038,16505952,8,M,5
ak,S,11039,15191882,8,M,5
ak,S,11040,11112233,8,M,5
ak,S,11041,16494420,8,M,5
ak,S,11042,15962921,8,M,5
ak,S,11043,15509040,8,M,5
ak,S,11044,16561451,8,M,5
ak,IC,11045,16761893,8,M,5
ak,S,11046,16765737,8,M,5
ak,S,11047,16507187,8,M,5
ak,S,11048,15394891,8,M,5
ak,S,11049,15263548,8,FL,5
ak,S,11050,16701868,8,M,5
ak,S,11051,15449215,8,M,5
ak,S,11052,16429178,8,M,5
ak,S,11053,16428382,8,M,5
ak,S,11054,12877882,8,M,5
ak,S,11055,16360538,8,M,5
ak,S,11056,15508292,8,M,5
ak,S,11057,12956800,8,M,5
ak,S,11058,11508836,8,M,5
ak,PC,11059,16432290,8,M,5
ak,S,11060,16362637,8,M,5
ak,S,11061,16293493,8,M,5
ak,S,11062,16159611,8,M,5
ak,S,11063,13992806,8,M,5
ak,S,11064,14389599,8,M,5
ak,IC,11065,15628175,8,M,5
ak,S,11066,6554161,8,M,5
ak,S,11067,11351907,8,M,5
ak,S,11068,15751279,8,FL,5
ak,PC,11069,16572909,8,M,5
ak,S,11070,8613541,8,M,5
ak,S,11071,6250097,8,M,5
ak,IC,11072,7033709,8,M,5
ak,S,11073,5325389,8,M,5
ak,IC,11074,7490410,8,M,5
ak,S,11075,5189428,8,M,5
ak,PC,11076,16292186,8,M,5
ak,S,11077,16088901,8,M,5
ak,S,11078,15953982,8,M,5
ak,S,11079,14509626,8,M,5
ak,IC,11080,15886641,8,M,5
ak,S,11081,15884588,8,FL,5
ak,S,11082,16156963,8,M,5
ak,S,11083,15750741,8,M,5
ak,S,11084,13587025,8,M,5
ak,S,11085,15754040,8,M,5
ak,S,11086,13719603,8,M,5
ak,S,11087,13649460,8,M,5
ak,IC,11088,14757161,8,M,5
ak,S,11089,13119018,8,M,5
ak,S,11090,12866878,8,M,5
ak,S,11091,12076591,8,M,5
ak,S,11092,11745831,8,M,5
ak,S,11093,10045488,8,M,5
ak,S,11094,10305592,8,M,5
ak,S,11095,8000789,8,M,5
ak,S,11096,6490639,8,M,5
ak,S,11097,4926498,8,M,5
ak,S,11098,3809563,8,M,5
ak,S,11099,16360548,8,M,5
ak,S,11100,13336643,8,M,5
ak,S,11101,11361321,8,M,5
ak,IC,11102,8210731,8,M,5
ak,S,11103,9981238,8,M,5
ak,S,11104,6371116,8,M,5
ak,S,11105,14508070,8,M,5
ak,S,11106,5974029,8,M,5
ak,S,11107,4989196,8,M,5
ak,S,11108,2953479,8,M,5
ak,S,11109,4862996,8,M,5
ak,S,11110,4008986,8,M,5
ak,S,11111,2168329,8,M,5
ak,S,11112,1181956,8,M,5
ak,S,11113,2693129,8,M,5
ak,S,11114,12828073,8,M,5
ak,S,11115,13086077,8,M,5
ak,S,11116,13407311,8,M,5
ak,S,11117,10777637,8,M,5
ak,S,11118,12619834,8,M,5
ak,S,11119,9990218,8,M,5
ak,S,11120,6639153,8,M,5
ak,S,11121,7558452,8,M,5
ak,S,11122,10255678,8,M,5
ak,S,11123,9267494,8,M,5
ak,S,11124,8416048,8,M,5
ak,S,11125,6640699,8,M,5
ak,S,11126,6640677,8,M,5
ak,S,11127,6113312,8,M,5
ak,S,11128,12769620,8,M,5
ak,S,11129,9422656,8,FL,5
ak,S,11130,14012733,8,M,5
ak,PC,11131,10343066,8,M,5
ak,S,11132,14016696,8,M,5
ak,S,11133,3295804,8,M,5
ak,S,11134,8433798,8,M,5
ak,S,11135,7570801,8,M,5
ak,S,11136,9550910,8,M,5
ak,S,11137,8298301,8,M,5
ak,S,11138,10723121,8,M,5
ak,S,11139,7174450,8,M,5
ak,S,11140,6259513,8,M,5
ak,S,11141,5936449,8,M,5
ak,IC,11142,1664307,8,M,5
ak,S,11143,1413737,8,M,5
ak,S,11144,681031,8,M,5
ak,S,11145,1202741,8,M,5
ak,S,11146,1655839,8,M,5
ak,S,11147,4546090,8,M,5
ak,S,11148,3624483,8,M,5
ak,S,11149,5074489,8,M,5
ak,S,11150,4149045,8,M,5
ak,S,11151,4997653,8,M,5
ak,S,11152,5135399,8,M,5
ak,S,11153,1584423,8,M,5
ak,S,11154,3684643,8,M,5
ak,S,11155,2566675,8,M,5
ak,S,11156,4471835,8,M,5
ak,S,11157,3814676,8,M,5
ak,S,11158,2959890,8,M,5
ak,S,11159,2040849,8,M,5
ak,S,11160,399886,8,M,5
ak,S,11161,11189938,8,M,5
ak,S,11162,11057078,8,M,5
ak,S,11163,6185827,8,M,5
ak,S,11164,4414033,8,M,5
ak,S,11165,5792878,8,M,5
ak,S,11166,4936272,8,M,5
ak,S,11167,992811,8,M,5
ak,PC,11168,11524791,8,M,5
ak,S,11169,3376762,8,M,5
ak,S,11170,353881,8,M,5
ak,S,11171,149836,8,M,5
ak,S,11172,13881,8,M,5
ak,S,11173,1193012,8,M,5
ak,S,11174,12312795,8,M,5
ak,S,11175,8044744,8,M,5
ak,S,11176,6403267,8,M,5
ak,S,11177,3836061,8,M,5
ak,S,11178,83302,8,FL,5
ak,S,11179,2179198,8,M,5
ak,S,11180,1844818,8,M,5
ak,S,11181,1125965,8,M,5
ak,IC,11182,1066346,8,M,5
ak,S,11183,2959688,8,M,5
ak,S,11184,538951,8,M,5
ak,S,11185,280928,8,M,5
ak,S,11186,141111,8,M,5
ak,S,11187,2077,8,M,5
ak,S,11188,2962752,8,M,5
ak,S,11189,22,8,M,5
ak,S,11190,69390,8,M,5
ak,M,11191,10977085,8,ME,5
ak,M,11192,11245900,8,ME,5
ak,M,11193,6444586,8,ME,5
ak,M,11194,9331750,8,ME,5
ak,M,11195,9394466,8,ME,5
ak,M,11196,9140263,8,ME,5
ak,M,11197,9456674,8,ME,5
ak,M,11198,3547149,8,ME,5
ak,M,11199,4689557,8,ME,5
ak,M,11200,4485998,8,ME,5
ak,M,11201,7988,8,ME,5
ak,M,11202,9535118,8,ME,5
ak,M,11203,12861245,8,ME,5
ak,M,11204,2062914,8,ME,5
ak,M,11205,7247703,8,ME,5
ak,M,11206,16250069,8,ME,5
ak,M,11207,10527909,8,ME,5
ak,M,11208,7106417,8,ME,5
ak,M,11209,9148829,8,ME,5
ak,M,11210,9935766,8,ME,5
ak,M,11211,10066055,8,ME,5
ak,M,11212,4343108,8,ME,5
ak,S,11213,13180966,8,C,5
ak,S,11214,1847387,8,C,5
ak,S,11215,7096869,8,C,5
ak,S,11216,1548874,8,C,5
ak,S,11217,16291364,8,C,5
ak,S,11218,15886113,8,C,5
ak,INK,11219,1376513,8,M,5
ak,INK,11220,24158,8,M,5
ak,INK,11221,9320992,8,M,5
ak,INK,11222,5592903,8,M,5
ak,INK,11223,65795,8,M,5
ak,INK,11224,11171717,8,M,5
ak,INK,11225,7257670,8,M,5
ak,INK,11226,682309,8,M,5
ak,INK,11227,11749423,8,M,5
ak,INK,11228,5413,8,M,5
ak,INK,11229,919555,8,M,5
ak,INK,11230,16777215,8,M,5
ak,AFV,11301,4865068,8,M,5
ak,AFV,11302,9467473,8,M,5
ak,AFV,11303,5200746,8,M,5
ak,AFV,11304,4597012,8,M,5
ak,AFV,11305,2964266,8,M,5
ak,AFV,11306,2236951,8,M,5
ak,AFV,11307,7563063,8,M,5
ak,AFV,11308,4022582,8,M,5
ak,AFV,11309,4608037,8,M,5
ak,AFV,11310,3355415,8,M,5
ak,AFV,11311,5991234,8,M,5
ak,AFV,11312,5398839,8,M,5
ak,AFV,11313,7892026,8,M,5
ak,AFV,11314,6648638,8,M,5
ak,AFV,11315,4601643,8,M,5
ak,AFV,11316,1186331,8,M,5
ak,AFV,11317,6774343,8,M,5
ak,AFV,11318,9405270,8,M,5
ak,AFV,11319,11311732,8,M,5
ak,AFV,11320,11179100,8,M,5
ak,AFV,11323,6050609,8,M,5
ak,AFV,11325,11769188,8,M,5
ak,AFV,11326,8675640,8,M,5
ak,AFV,11327,8021053,8,M,5
ak,AFV,11328,6757909,8,M,5
ak,AFV,11329,4984335,8,M,5
ak,AFV,11330,3481882,8,M,5
ak,AFV,11331,10714969,8,M,5
ak,AFV,11333,14801064,8,M,5
ak,AFV,11334,5132334,8,M,5
ak,AFV,11335,5660199,8,M,5
ak,AFV,11336,4666405,8,M,5
ak,AFV,11337,10317884,8,M,5
ak,AFV,11338,6633766,8,M,5
ak,AFV,11339,3423010,8,M,5
ak,AFV,11340,10255969,8,M,5
ak,AFV,11341,4741736,8,M,5
ak,AFV,11342,2766876,8,M,5
ak,AFV,11343,8153419,8,M,5
ak,AFV,11344,5192732,8,M,5
ak,AFV,11345,12568480,8,M,5
ak,AFV,11346,2175256,8,M,5
ak,AFV,11347,10388826,8,M,5
ak,AFV,11348,5660199,8,M,5
ak,AFV,11349,11373667,8,M,5
ak,AFV,11350,4674350,8,M,5
ak,AFV,11351,10063465,8,M,5
ak,AFV,11352,6443824,8,M,5
ak,AFV,11353,6971197,8,M,5
ak,AFV,11354,8812878,8,M,5
ak,AFV,11355,2699547,8,M,5
ak,AFV,11356,4152667,8,M,5
ak,AFV,11357,2567457,8,M,5
ak,AFV,11358,2243364,8,M,5
ak,AFV,11359,4271907,8,M,5
ak,AFV,11360,1776930,8,M,5
ak,AFV,11361,13743742,8,M,5
ak,AFV,11362,14524741,8,M,5
ak,AFV,11363,13279599,8,M,5
ak,AFV,11364,4543820,8,M,5
ak,AFV,11365,8948614,8,M,5
ak,AFV,11366,12751930,8,M,5
ak,AFV,11367,3027488,8,M,5
ak,AFV,11368,3623209,8,M,5
ak,AFV,11369,3287570,8,M,5
ak,AFV,11370,8150576,8,M,5
ak,AFV,11371,1717021,8,M,5
ak,AFV,11372,16777215,8,M,5
ak,AFV,11373,4668975,8,M,5
ak,AFV,11374,9408353,8,M,5
ak,AFV,11375,4540205,8,M,5
ak,AFV,11377,13082189,8,M,5
ak,AFV,11378,14728584,8,M,5
ak,AFV,11381,4276270,8,M,5
ak,AFV,11382,16027747,8,M,5
ak,AFV,11383,7960909,8,M,5
ak,AFV,11384,3746079,8,M,5
ak,AFV,11385,7687213,8,M,5
ak,AFV,11386,3750952,8,M,5
ak,AFV,11387,1251597,8,M,5
ak,FIG,11401,7883057,8,M,5
ak,FIG,11402,13406328,8,M,5
ak,FIG,11403,16632734,8,M,5
ak,FIG,11404,9126719,8,M,5
ak,FIG,11405,5515045,8,M,5
ak,FIG,11406,3480607,8,M,5
ak,FIG,11407,132104,8,M,5
ak,FIG,11408,4931631,8,M,5
ak,FIG,11409,12879951,8,M,5
ak,FIG,11410,1321504,8,M,5
ak,FIG,11411,7376204,8,M,5
ak,FIG,11412,2046238,8,M,5
ak,FIG,11413,8873543,8,M,5
ak,FIG,11414,6907463,8,M,5
ak,FIG,11415,2505253,8,M,5
ak,FIG,11416,4338988,8,M,5
ak,FIG,11417,5914406,8,M,5
ak,FIG,11418,1641223,8,M,5
ak,FIG,11419,4532514,8,M,5
ak,FIG,11420,2767905,8,M,5
ak,FIG,11421,2306583,8,M,5
ak,FIG,11422,10059842,8,M,5
ak,FIG,11423,3751732,8,M,5
ak,FIG,11424,9538901,8,M,5
ak,FIG,11425,3750179,8,M,5
ak,FIG,11426,6976372,8,M,5
ak,FIG,11427,2503708,8,M,5
ak,FIG,11428,5135408,8,M,5
ak,FIG,11429,6779182,8,M,5
ak,FIG,11430,5265960,8,M,5
ak,FIG,11431,1451060,8,M,5
ak,FIG,11432,133661,8,M,5
ak,FIG,11433,4802335,8,M,5
ak,FIG,11434,7421746,8,M,5
ak,FIG,11435,7623736,8,M,5
ak,FIG,11436,4736040,8,M,5
ak,FIG,11437,6704432,8,M,5
ak,FIG,11438,8610864,8,M,5
ak,FIG,11439,3951955,8,M,5
ak,FIG,11440,9660706,8,M,5
ak,AIR,11801,8031356,8,M,5
ak,AIR,11802,7771232,8,M,5
ak,AIR,11803,3426097,8,M,5
ak,AIR,11804,8546433,8,M,5
ak,AIR,11805,6764053,8,M,5
ak,AIR,11806,13164268,8,M,5
ak,AIR,11807,11637679,8,M,5
ak,AIR,11808,12043434,8,M,5
ak,AIR,11809,4014636,8,M,5
ak,AIR,11810,4208430,8,M,5
ak,AIR,11811,9933953,8,M,5
ak,AIR,11812,8421470,8,M,5
ak,AIR,11813,15836685,8,M,5
ak,AIR,11814,5722702,8,M,5
ak,AIR,11815,6777423,8,M,5
ak,AIR,11816,8289130,8,M,5
ak,AIR,11817,8823461,8,M,5
ak,AIR,11818,9740696,8,M,5
ak,AIR,11819,3554880,8,M,5
ak,AIR,11820,5460557,8,M,5
ak,AIR,11821,4672065,8,M,5
ak,AIR,11822,5328707,8,M,5
ak,AIR,11823,4605762,8,M,5
ak,AIR,11824,4344129,8,M,5
ak,AIR,11825,5986901,8,M,5
ak,AIR,11826,7368557,8,M,5
ak,AIR,11827,11122341,8,M,5
ak,AIR,11828,11386301,8,M,5
ak,AIR,11829,12698013,8,M,5
ak,AIR,11830,8427423,8,M,5
ak,AIR,11831,8953240,8,M,5
ak,AIR,11832,15245914,8,M,5
ak,AIR,11833,10252622,8,M,5
ak,AIR,11834,5789509,8,M,5
ak,AIR,11835,5789509,8,M,5
ak,AIR,11836,4672831,8,M,5
ak,AIR,11837,5919301,8,M,5
ak,AIR,11838,5200971,8,M,5
ak,AIR,11839,3753301,8,M,5
ak,AIR,11840,5723981,8,M,5
ak,AIR,11841,7493436,8,M,5
ak,AIR,11842,6121578,8,M,5
ak,AIR,11843,8490130,8,M,5
ak,AIR,11844,11777952,8,M,5
ak,AIR,11845,8232388,8,M,5
ak,AIR,11846,10845753,8,M,5
ak,AIR,11847,7569768,8,M,5
ak,AIR,11848,10593700,8,M,5
ak,AIR,11849,6249809,8,M,5
ak,AIR,11850,5199454,8,M,5
ak,AIR,11851,6909041,8,M,5
ak,AIR,11852,5598070,8,M,5
ak,AIR,11853,11645610,8,M,5
ak,AIR,11854,9936285,8,M,5
ak,AIR,11855,7502207,8,M,5
ak,AIR,11856,10327424,8,M,5
ak,AIR,11857,2700837,8,M,5
ak,AIR,11858,14864655,8,M,5
ak,AIR,11859,8684902,8,M,5
ak,AIR,11860,5460033,8,M,5
ak,AIR,11861,4674367,8,M,5
ak,AIR,11862,7105896,8,M,5
ak,AIR,11863,5986377,8,M,5
ak,AIR,11864,3622477,8,M,5
ak,AIR,11865,7505291,8,M,5
ak,AIR,11866,11513765,8,M,5
ak,AIR,11867,10463910,8,M,5
ak,AIR,11868,15132891,8,M,5
ak,AIR,11869,13022366,8,M,5
ak,AIR,11870,15058849,8,M,5
ak,AIR,11871,16372115,8,M,5
ak,AIR,11872,4671555,8,M,5
ak,AIR,11873,4872530,8,M,5
ak,AIR,11874,5790751,8,M,5
ak,AIR,11875,6909483,8,M,5
ak,AIR,11876,8421979,8,M,5
ak,AIR,11877,3894384,8,M,5
ak,AIR,11878,6068127,8,M,5
ak,AIR,11879,9089219,8,M,5
ak,AIR,11880,12898502,8,M,5
ak,AIR,11881,6185579,8,M,5
ak,AIR,11882,7368557,8,M,5
ak,AIR,11883,7305602,8,M,5
ak,AIR,11884,8422535,8,M,5
ak,AIR,11885,8553349,8,M,5
ak,AIR,11886,8685964,8,M,5
ak,AIR,11887,8885404,8,M,5
ak,AIR,11888,10331819,8,M,5
ak,AIR,11889,12896455,8,M,5
ak,AIR,11890,12763315,8,M,5
ak,AIR,11891,9474952,8,M,5
ak,AIR,11892,9801589,8,M,5
ak,AIR,11893,2766380,8,M,5
ak,AIR,11894,2504497,8,M,5
ak,AIR,11895,1778469,8,M,5
ak,AIR,11896,6775603,8,M,5
ak,AIR,11897,5261866,8,M,5
ak,AIR,11898,810611,8,M,5
ak,AIR,11899,10987670,8,M,5
ak,AIR,11900,4873563,8,M,5
ak,AIR,11901,5261866,8,M,5
ak,AIR,11902,3228718,8,M,5
ak,AIR,11903,800557,8,M,5
ak,AIR,11904,7827749,8,M,5
ak,AIR,11905,8812886,8,M,5
ak,AIR,11906,6836807,8,M,5
ak,AIR,11907,10335142,8,M,5
ak,AIR,11908,13948365,8,M,5
ak,AIR,11909,3227422,8,M,5
ak,AIR,11910,8233902,8,M,5
ak,AIR,11911,6648694,8,M,5
ak,AIR,11912,8758682,8,M,5
ak,AIR,11913,5465405,8,M,5
ak,AIR,11914,9406306,8,M,5
ak,AIR,11915,4346403,8,M,5
ak,AIR,11916,6787236,8,M,5
ak,AIR,11917,4676193,8,M,5
ak,AIR,11918,2831928,8,M,5
ak,AIR,11919,2909486,8,M,5
ak,AIR,11920,12500922,8,M,5
av,GA,70.600,16777215,8,SG,5
av,GA,70.602,2301728,8,SG,5
av,GA,70.625,3555951,8,SG,5
av,GA,70.629,16425506,8,SG,5
av,GA,70.630,7704992,8,SG,5
av,GA,70.631,9147291,8,SG,5
av,GA,70.632,14231594,8,SG,5
av,MC,70.730,15394897,8,FL,4
av,MC,70.733,15755044,8,FL,4
av,MC,70.735,15486107,8,FL,4
av,MC,70.736,1209528,8,FL,4
av,MC,70.737,10210663,8,FL,4
av,MC,70.740,4733729,8,M,4
av,MC,70.741,2764072,8,M,4
av,MC,70.745,7885652,8,M,4
av,MC,70.746,5848635,8,M,4
av,MC,70.747,12083288,8,M,4
av,MC,70.748,14584479,8,M,4
av,MC,70.749,4137781,8,M,4
av,MC,70.750,10390966,8,M,4
av,MC,70.751,3286834,8,M,4
av,MC,70.752,1776171,8,M,4
av,MC,70.753,957606,8,M,4
av,MC,70.754,1777194,8,M,4
av,MC,70.755,950905,8,M,4
av,MC,70.756,4482887,8,M,4
av,MC,70.757,5928299,8,M,4
av,MC,70.758,7177042,8,M,4
av,MC,70.759,4933694,8,M,4
av,MC,70.760,7960930,8,M,4
av,MC,70.761,8154457,8,M,4
av,MC,70.762,5523237,8,M,4
av,MC,70.763,4340254,8,M,4
av,MC,70.764,9073457,8,M,4
av,MC,70.765,11378309,8,M,4
av,MC,70.766,14338747,8,M,4
av,MC,70.767,10978397,8,M,4
av,MC,70.768,7165248,8,M,4
av,MC,70.769,9924944,8,M,4
av,MC,70.770,8544321,8,M,4
av,MC,70.771,3481636,8,M,4
av,MC,70.772,7510931,8,M,4
av,MC,70.773,5527384,8,M,4
av,MC,70.774,8221299,8,M,4
av,LM,70.790,13226967,2,ME,5
av,LM,70.791,11246214,2,ME,4
av,LM,70.792,12497207,2,ME,5
av,LM,70.793,10780981,2,ME,5
av,LM,70.794,13143851,2,ME,5
av,LM,70.795,8811058,2,ME,5
av,LM,70.796,14080474,2,ME,5
av,LM,70.797,9979690,2,ME,5
av,MC,70.800,1778482,8,ME,4
av,MC,70.801,6241314,8,ME,4
av,MC,70.802,12464981,8,M,4
av,MC,70.803,9922917,8,M,4
av,MC,70.804,11301203,8,M,4
av,MC,70.805,12085341,8,M,4
av,MC,70.806,12956262,8,M,4
av,MC,70.807,3948122,8,M,4
av,MC,70.808,622474,8,M,4
av,MC,70.809,1396359,8,M,4
av,MC,70.810,4662596,8,M,4
av,MC,70.811,5853318,8,M,4
av,MC,70.812,6108738,8,M,4
av,MC,70.814,7224639,8,M,4
av,MC,70.815,15115912,8,M,4
av,MC,70.816,4343121,8,M,4
av,MC,70.817,12601145,8,M,4
av,MC,70.818,9722948,8,M,4
av,MC,70.819,11176799,8,M,4
av,MC,70.820,15787999,8,M,4
av,MC,70.821,7629655,8,M,4
av,MC,70.822,3945270,8,M,4
av,MC,70.823,3161124,8,M,4
av,MC,70.824,10978115,8,M,4
av,MC,70.825,10125942,8,M,4
av,MC,70.826,5456956,8,M,4
av,MC,70.827,8099396,8,M,4
av,MC,70.828,6506565,8,C,4
av,MC,70.829,13916221,8,M,4
av,MC,70.830,5394749,8,M,4
av,MC,70.831,13668417,8,M,4
av,MC,70.832,9031880,8,M,4
av,MC,70.833,4347960,8,M,4
av,MC,70.834,15310910,8,C,4
av,MC,70.835,14716027,8,M,4
av,MC,70.836,6908265,8,M,4
av,MC,70.837,14597258,8,M,4
av,MC,70.838,26191,8,M,4
av,MC,70.839,3431847,8,M,4
av,MC,70.840,27787,8,M,4
av,MC,70.841,29870,8,M,4
av,MC,70.842,15724527,8,G,4
av,MC,70.843,10253143,8,M,4
av,MC,70.844,4888001,8,M,4
av,MC,70.845,15504974,8,M,4
av,MC,70.846,7887188,8,M,4
av,MC,70.847,12886635,8,M,4
av,MC,70.850,3952180,8,M,4
av,MC,70.851,14770990,8,M,4
av,MC,70.853,15724532,8,M,4
av,MC,70.854,4800061,8,M,4
av,MC,70.855,3356217,8,M,4
av,MC,70.856,10976330,8,M,4
av,MC,70.857,8093518,8,M,4
av,MC,70.858,15190900,8,M,4
av,MC,70.859,5254445,8,M,4
av,MC,70.860,11237961,8,M,4
av,MC,70.861,1709597,8,G,4
av,MC,70.862,2564383,8,M,4
av,MC,70.863,2827821,8,ME,4
av,MC,70.864,5330525,8,ME,4
av,MC,70.865,4538952,8,ME,4
av,MC,70.866,4014144,8,M,4
av,MC,70.867,3949126,8,M,4
av,MC,70.868,4473669,8,M,4
av,MC,70.869,5921889,8,M,4
av,MC,70.870,8027517,8,M,4
av,MC,70.871,5456696,8,M,4
av,MC,70.872,5653825,8,M,4
av,MC,70.873,7955786,8,M,4
av,MC,70.874,9400923,8,M,4
av,MC,70.875,8019784,8,M,4
av,MC,70.876,9200459,8,M,4
av,MC,70.877,12224328,8,M,4
av,MC,70.878,5125663,8,ME,4
av,MC,70.879,8022584,8,M,4
av,MC,70.880,8087362,8,M,4
av,MC,70.881,7367494,8,M,4
av,MC,70.882,9009734,8,M,4
av,MC,70.883,13485756,8,M,4
av,MC,70.884,8814186,8,M,4
av,MC,70.885,9081456,8,M,4
av,MC,70.886,6645590,8,M,4
av,MC,70.887,5657665,8,M,4
av,MC,70.888,3816748,8,M,4
av,MC,70.889,3615781,8,M,4
av,MC,70.890,4146997,8,M,4
av,MC,70.891,5204040,8,M,4
av,MC,70.892,3160112,8,M,4
av,MC,70.893,4474681,8,M,4
av,MC,70.894,3488046,8,M,4
av,MC,70.895,4609346,8,M,4
av,MC,70.896,2237453,8,M,4
av,MC,70.897,2635301,8,M,4
av,MC,70.898,1911608,8,M,4
av,MC,70.899,3351619,8,M,4
av,MC,70.900,6056054,8,M,4
av,MC,70.901,6323345,8,M,4
av,MC,70.902,5926815,8,M,4
av,MC,70.903,6450297,8,M,4
av,MC,70.904,6914699,8,M,4
av,MC,70.905,8225927,8,M,4
av,MC,70.906,8756641,8,M,4
av,MC,70.907,10399663,8,M,4
av,MC,70.908,9774376,8,M,4
av,MC,70.909,12989237,8,M,4
av,MC,70.910,14765349,8,M,4
av,MC,70.911,16021810,8,M,4
av,MC,70.912,12162417,8,M,4
av,MC,70.913,14329681,8,M,4
av,MC,70.914,10322243,8,M,4
av,MC,70.915,15582506,8,M,4
av,MC,70.916,15121501,8,M,4
av,MC,70.917,14399857,8,M,4
av,MC,70.918,14998730,8,M,4
av,MC,70.919,15921654,8,M,4
av,MC,70.920,4280390,8,M,4
av,MC,70.921,7034162,8,M,4
av,MC,70.922,4543539,8,M,4
av,MC,70.923,9993783,8,M,4
av,MC,70.924,5329465,8,M,4
av,MC,70.925,3485265,8,M,4
av,MC,70.926,7743788,8,M,4
av,MC,70.927,13603398,8,M,4
av,MC,70.928,15781296,8,M,4
av,MC,70.929,10314044,8,M,4
av,MC,70.930,2439785,8,M,4
av,MC,70.934,11808062,8,C,4
av,MC,70.935,15952678,8,C,4
av,MC,70.936,98897,8,C,4
av,MC,70.937,16426010,8,C,4
av,MC,70.938,3489633,8,C,4
av,MC,70.939,5917513,8,C,4
av,MC,70.940,9005668,8,M,4
av,MC,70.941,4732206,8,M,4
av,MC,70.942,4495979,8,M,4
av,MC,70.943,5927559,8,M,4
av,MC,70.944,12087666,8,M,4
av,MC,70.945,9254493,8,M,4
av,MC,70.946,6434344,8,M,4
av,MC,70.947,11809074,8,M,4
av,MC,70.948,16426815,8,M,4
av,MC,70.949,16044369,8,M,4
av,MC,70.950,1577754,8,M,4
av,MC,70.951,16777215,8,M,4
av,MC,70.952,14733614,8,M,4
av,MC,70.953,16103234,8,M,4
av,MC,70.954,14082112,8,M,4
av,MC,70.955,14456671,8,M,4
av,MC,70.956,13521203,8,C,4
av,MC,70.957,10498354,8,M,4
av,MC,70.958,11359617,8,M,4
av,MC,70.959,5387609,8,M,4
av,MC,70.960,3747152,8,M,4
av,MC,70.961,6796234,8,M,4
av,MC,70.962,4149884,8,M,4
av,MC,70.963,1067380,8,M,4
av,MC,70.964,5003101,8,M,4
av,MC,70.965,3623011,8,M,4
av,MC,70.966,542559,8,M,4
av,MC,70.967,5137213,8,M,4
av,MC,70.968,3296560,8,M,4
av,MC,70.969,1927249,8,M,4
av,MC,70.970,1133616,8,M,4
av,MC,70.971,11251622,8,M,4
av,MC,70.972,8492173,8,M,4
av,MC,70.973,9940144,8,M,4
av,MC,70.974,7376231,8,M,4
av,MC,70.975,3882546,8,M,4
av,MC,70.976,13675864,8,M,4
av,MC,70.977,11568465,8,M,4
av,MC,70.978,9144133,8,M,4
av,MC,70.979,1846560,8,M,4
av,MC,70.980,2110507,8,M,4
av,MC,70.981,11168070,8,M,4
av,MC,70.982,8472896,8,M,4
av,MC,70.983,6308652,8,M,4
av,MC,70.984,7095358,8,M,4
av,MC,70.985,5584440,8,M,4
av,MC,70.986,10657422,8,M,4
av,MC,70.987,8286300,8,M,4
av,MC,70.988,7102529,8,M,4
av,MC,70.989,10462375,8,M,4
av,MC,70.990,8686478,8,M,4
av,MC,70.991,6645864,8,M,4
av,MC,70.992,6251363,8,M,4
av,MC,70.993,14473174,8,M,4
av,MC,70.994,2763572,8,M,4
av,MC,70.995,2435369,8,M,4
av,MC,70.996,9660980,8,ME,4
av,MC,70.997,9211791,8,ME,4
av,MC,70.998,5061153,8,ME,4
av,MC,70.999,8075054,8,ME,4
av,GC,72.001,16777215,8,SG,4
av,GC,72.003,12820094,8,SG,4
av,GC,72.004,12945755,8,SG,4
av,GC,72.005,15578404,8,SG,4
av,GC,72.006,16425506,8,SG,4
av,GC,72.007,14055725,8,SG,4
av,GC,72.008,15885610,8,SG,4
av,GC,72.009,15287854,8,SG,4
av,GC,72.010,14231594,8,SG,4
av,GC,72.011,8003109,8,SG,4
av,GC,72.012,7478307,8,SG,4
av,GC,72.013,12744612,8,SG,4
av,GC,72.014,8595545,8,SG,4
av,GC,72.015,4926043,8,SG,4
av,GC,72.016,2563641,8,SG,4
av,GC,72.019,1318704,8,SG,4
av,GC,72.020,2042699,8,SG,4
av,GC,72.021,29099,8,SG,4
av,GC,72.022,3555951,8,SG,4
av,GC,72.023,4430513,8,SG,4
av,GC,72.024,222822,8,SG,4
av,GC,72.025,43655,8,SG,4
av,GC,72.026,31326,8,SG,4
av,GC,72.027,1462086,8,SG,4
av,GC,72.028,1258531,8,SG,4
av,GC,72.029,4154429,8,SG,4
av,GC,72.030,5530170,8,SG,4
av,GC,72.031,9075264,8,SG,4
av,GC,72.032,5474372,8,SG,4
av,GC,72.034,12033911,8,SG,4
av,GC,72.035,12298072,8,SG,4
av,GC,72.036,11497010,8,SG,4
av,GC,72.038,10578217,8,SG,4
av,GC,72.039,10974269,8,SG,4
av,GC,72.040,9003316,8,SG,4
av,GC,72.042,10313514,8,SG,4
av,GC,72.043,7689002,8,SG,4
av,GC,72.044,5846570,8,SG,4
av,GC,72.045,3942438,8,SG,4
av,GC,72.047,12110538,8,SG,4
av,GC,72.048,5530735,8,SG,4
av,GC,72.049,9867396,8,SG,4
av,GC,72.050,7171942,8,SG,4
av,GC,72.051,0,8,SG,4
av,GC,72.052,11121588,8,ME,4
av,GC,72.053,9147291,8,ME,4
av,GC,72.054,6909555,8,ME,4
av,GC,72.055,14791219,8,ME,4
av,GC,72.056,13601844,8,ME,4
av,GC,72.057,10443288,8,ME,4
av,GC,72.058,11168582,8,ME,4
av,GC,72.059,7489075,8,ME,4
av,GC,72.060,5384999,8,ME,4
av,GC,72.061,9796949,8,SG,4
av,GC,72.062,7427893,8,SG,4
av,GC,72.063,9726781,8,SG,4
av,GC,72.066,9660248,8,SG,4
av,GC,72.067,5591854,8,SG,4
av,GC,72.071,9267273,8,SG,4
av,GC,72.076,7038638,8,SG,4
av,GC,72.082,16777215,8,SG,4
av,GC,72.083,10824800,8,SG,4
av,GC,72.084,29834,8,SG,4
av,GC,72.085,15443754,8,SG,4
av,GC,72.086,13770534,8,SG,4
av,GC,72.087,7292539,8,SG,4
av,GC,72.088,613525,8,SG,4
av,GC,72.089,554044,8,SG,4
av,GC,72.090,3826766,8,SG,4
av,GC,72.091,5456173,8,SG,4
av,GC,72.093,5909802,8,SG,4
av,GC,72.094,0,8,SG,4
av,GC,72.095,12571372,8,SG,4
av,GC,72.096,8047018,8,SG,4
av,GC,72.098,14995633,8,SG,4
av,GC,72.099,14722690,8,SG,4
av,GC,72.100,14977388,8,SG,4
av,GC,72.101,16576467,8,SG,4
av,GC,72.102,7704992,8,SG,4
av,GC,72.103,15394891,8,FL,4
av,GC,72.104,7257668,8,FL,4
av,GC,72.106,12987184,8,SG,4
av,GC,72.107,13067099,8,SG,4
av,GC,72.108,9323856,8,SG,4
av,GC,72.109,14864994,8,SG,4
av,GC,72.110,16291396,8,SG,4
av,GC,72.111,5183012,8,SG,4
av,GC,72.112,4134950,8,SG,4
av,GC,72.113,6498120,8,SG,4
av,GC,72.114,11437755,8,SG,4
av,GC,72.115,8669230,8,SG,4
av,GC,72.116,2561590,8,SG,4
av,GC,72.117,5269376,8,SG,4
av,GC,72.118,6343145,8,SG,4
av,GC,72.119,1081979,8,SG,4
av,GC,72.120,1590362,8,SG,4
av,GC,72.121,7914390,8,SG,4
av,GC,72.122,13491251,8,SG,4
av,GC,72.123,3166001,8,SG,4
av,GC,72.124,5582374,8,SG,4
av,GC,72.145,6578488,8,SG,4
av,GC,72.148,11180441,8,SG,4
av,GC,72.155,3224889,8,SG,4
av,GC,72.156,15817250,8,FL,4
av,GC,72.157,14695003,8,FL,4
av,GC,72.158,15614103,8,FL,4
av,GC,72.159,7285892,8,FL,4
av,GC,72.160,36049,8,FL,4
av,GC,72.161,30073,8,FL,4
av,GC,73.200,8609584,8,W,4
av,GC,73.201,2829363,8,W,4
av,GC,73.203,6970451,8,W,4
av,GC,73.204,11500149,8,W,4
av,GC,73.206,13919112,8,W,4
av,GC,73.207,815802,8,W,4
av,GC,73.208,13950500,8,W,4
av,GC,73.209,5650061,8,W,4
av,GA,76.001,16777215,8,SG,5
av,GA,76.003,14523514,8,SG,5
av,GA,76.004,13730894,8,SG,5
av,GA,76.005,15638821,8,SG,5
av,GA,76.006,16291613,8,SG,5
av,GA,76.007,16021280,8,SG,5
av,GA,76.008,15816738,8,SG,5
av,GA,76.010,10231582,8,SG,5
av,GA,76.012,3735816,8,SG,5
av,GA,76.013,11625373,8,SG,5
av,GA,76.014,5705530,8,SG,5
av,GA,76.016,2102836,8,SG,5
av,GA,76.019,921379,8,SG,5
av,GA,76.020,593968,8,SG,5
av,GA,76.021,1395603,8,SG,5
av,GA,76.022,1646402,8,SG,5
av,GA,76.023,2849183,8,SG,5
av,GA,76.024,20311,8,SG,5
av,GA,76.026,28246,8,SG,5
av,GA,76.027,866868,8,SG,5
av,GA,76.028,1714721,8,SG,5
av,GA,76.031,7629366,8,SG,5
av,GA,76.032,5668930,8,SG,5
av,GA,76.034,13419683,8,SG,5
av,GA,76.035,10258509,8,SG,5
av,GA,76.036,11497010,8,SG,5
av,GA,76.040,5650970,8,SG,5
av,GA,76.042,6238989,8,SG,5
av,GA,76.043,4270342,8,SG,5
av,GA,76.045,2494985,8,SG,5
av,GA,76.047,10269880,8,SG,5
av,GA,76.048,3095362,8,SG,5
av,GA,76.049,6776159,8,SG,5
av,GA,76.050,4145989,8,SG,5
av,GA,76.051,0,8,SG,5
av,GA,76.062,3812373,8,SG,5
av,GA,76.063,7691056,8,SG,5
av,GA,76.071,7691326,8,SG,5
av,GA,76.076,5128575,8,SG,5
av,GA,76.100,14840927,8,SG,5
av,GA,76.107,11163467,8,SG,5
av,GA,76.109,15384899,8,SG,5
av,GA,76.111,2491403,8,SG,5
av,GA,76.114,8546477,8,SG,5
av,GA,76.115,6174505,8,SG,5
av,GA,76.116,393235,8,SG,5
av,GA,76.118,4829393,8,SG,5
av,GA,76.120,336946,8,SG,5
av,GA,76.121,5224843,8,SG,5
av,GA,76.122,13491251,8,SG,5
av,GA,76.123,1517849,8,SG,5
