base,serie,code,color,desc,prop,cat,medium
0,C,C1,#ffffff,WHITE,G,P,1
0,C,C2,#231f20,BLACK,G,P,1
0,C,C3,#ed1c24,RED,G,P,1
0,C,C4,#ffdd00,YELLOW,G,P,1
0,C,C5,#005aaa,BLUE,G,P,1
0,C,C6,#006835,GREEN,G,P,1
0,C,C7,#ca4136,BROWN,G,P,1
0,C,C8,#d1d3d4,SILVER,ME,P,1
0,C,C9,#dcaf31,GOLD,ME,P,1
0,C,C10,#cd733a,COPPER,ME,P,1
0,C,C11,#b4bbbf,LIGHT GULL GRAY,SG,A,1
0,C,C12,#6f5f3c,OLIVE DRAB (1),SG,A,1
0,C,C13,#677a83,NEUTRAL GRAY,SG,A,1
0,C,C14,#234f5b,NAVY BLUE,SG,A,1
0,C,C15,#003920,IJN GREEN (NAKAJIMA),SG,A,1
0,C,C16,#22543f,IJA GREEN,SG,A,1
0,C,C17,#51544c,RLM71 DARK GREEN,SG,A,1
0,C,C18,#273c4d,RLM70 BLACK GREEN,SG,A,1
0,C,C19,#9d8145,SANDY BROWN,SG,A,1
0,C,C20,#4dbfa5,LIGHT BLUE,SG,A,1
0,C,C21,#aa8a4b,MIDDLE STONE,SG,A,1
0,C,C22,#5c5144,DARK EARTH,SG,A,1
0,C,C23,#4b604d,DARK GREEN (2),SG,A,1
0,C,C25,#707863,DARK SEAGRAY,SG,A,1
0,C,C26,#cfdaaa,DUCK EGG GREEN,SG,A,1
0,C,C27,#b2a335,INTERIOR GREEN,SG,A,1
0,C,C28,#231f20,STEEL,ME,P,1
0,C,C29,#61343b,HULL RED,SG,S,1
0,C,C30,#ffffff,FLAT BASE,M,40,1
0,C,C31,#848c8d,DARK GRAY (1),SG,S,1
0,C,C32,#485d64,DARK GRAY (2),SG,S,1
0,C,C33,#231f20,FLAT BLACK,M,P,1
0,C,C34,#0095da,SKY BLUE,G,P,1
0,C,C35,#94b0be,IJN GRAY (MITSUBISHI),SG,A,1
0,C,C36,#264142,RLM74 GRAY GREEN,SG,A,1
0,C,C37,#546460,RLM75 GRAY VIOLET,SG,A,1
0,C,C38,#44503d,OLIVE DRAB (2),M,T,1
0,C,C39,#ba9765,DARK YELLOW (SANDY YELLOW),M,T,1
0,C,C40,#2f4248,GERMAN GRAY,M,T,1
0,C,C41,#573438,RED BROWN,M,T,1
0,C,C42,#4d3538,MAHOGANY,SG,P,1
0,C,C43,#71513a,WOOD BROWN,SG,P,1
0,C,C44,#c4a26e,TAN,SG,S,1
0,C,C45,#b9b084,SAIL COLOR,SG,S,1
0,C,C46,#ffffff,CLEAR,C,P,1
0,C,C47,#ed1c24,CLEAR RED,C,P,1
0,C,C48,#ffd401,CLEAR YELLOW,C,P,1
0,C,C49,#f26522,CLEAR ORANGE,C,P,1
0,C,C50,#00aeef,CLEAR BLUE,C,P,1
0,C,C51,#e3ac7c,FLESH,SG,P,1
0,C,C52,#405651,FIELD GRAY (2),M,T,1
0,C,C54,#3a4940,KHAKI GREEN,M,T,1
0,C,C55,#5b573d,KHAKI,M,T,1
0,C,C56,#6f9f9b,IJN GRAY GREEN (NAKAJIMA),SG,T,1
0,C,C57,#007b72,METALLIC BLUE GREEN,ME,A,1
0,C,C58,#f47920,ORANGE YELLOW,SG,A,1
0,C,C59,#ef4023,ORANGE,G,P,1
0,C,C60,#959480,RLM02 GRAY,SG,A,1
0,C,C61,#58575c,BURNT IRON,ME,P・C,1
0,C,C62,#ffffff,FLAT WHITE,M,P,1
0,C,C63,#f17298,PINK,G,P,1
0,C,C64,#1eaa4a,YELLOW GREEN,G,P・C,1
0,C,C65,#074ea2,BRIGHT BLUE,G,P・C,1
0,C,C66,#00a650,BRIGHT GREEN,G,P・C,1
0,C,C67,#483087,PURPLE,G,P,1
0,C,C68,#da2128,MADDER RED,G,P・C,1
0,C,C69,#f6f3ee,OFF WHITE,G,P・C,1
0,C,C70,#3a4940,DARK GREEN,M,T,1
0,C,C71,#38494e,MIDNIGHT BLUE,G,A,1
0,C,C72,#2d5562,INTERMEDIATE BLUE,SG,A,1
0,C,C73,#729998,AIRCRAFT GRAY,G,A,1
0,C,C74,#1a737e,AIR SUPERIORITY BLUE,G,A,1
0,C,C75,#af2a30,METALLIC RED,ME,P・C,1
0,C,C76,#005aaa,METALLIC BLUE,ME,P・C,1
0,C,C77,#009058,METALLIC GREEN,ME,P・C,1
0,C,C78,#231f20,METAL BLACK,ME,P・C,1
0,C,C79,#ed1c24,SHINE RED,G,P,1
0,C,C80,#2e3092,COBALT BLUE,SG,P,1
0,C,C81,#7c3139,RUSSET,G,P,1
0,C,C90,#c7c8ca,SHINE SILVER,ME,P,1
0,C,C92,#231f20,SEMI GLOSS BLACK,SG,P,1
0,C,C97,#aab7af,LIGHT GRAY,G,P,1
0,C,C100,#af2a3d,WINE RED,G,P,1
0,C,C101,#3b2f20,SMOKE GRAY,G,P・C,1
0,C,C104,#a8b8bf,GUN CHROME,ME,P,1
0,C,C107,#f0f1ee,CHARACTER WHITE,SG,P,1
0,C,C108,#c9252b,CHARACTER RED,SG,P,1
0,C,C109,#f5821f,CHARACTER YELLOW,SG,P,1
0,C,C110,#074ea2,CHARACTER BLUE,SG,P,1
0,C,C111,#fdddcf,CHARACTER FLESH (1),SG,P,1
0,C,C112,#f9b5b2,CHARACTER FLESH (2),SG,P,1
0,C,C113,#faa619,RLM04 YELLOW,SG,A,1
0,C,C114,#c9234a,RLM23 RED,SG,A,1
0,C,C115,#6d92a0,RLM65 LIGHT BLUE,SG,A,1
0,C,C116,#404041,RLM66 BLACK GRAY,SG,A,1
0,C,C117,#afcbc9,RLM76 LIGHT BLUE,SG,A,1
0,C,C118,#779fae,RLM78 LIGHT BLUE,SG,A,1
0,C,C119,#92725f,RLM79 SAND YELLOW,SG,A,1
0,C,C120,#193f2c,RLM80 OLIVE GREEN,SG,A,1
0,C,C121,#51544c,RLM81 BROWN VIOLET,SG,A,1
0,C,C122,#64855b,RLM82 LIGHT GREEN,SG,A,1
0,C,C123,#3c5c53,RLM83 DARK GREEN,SG,A,1
0,C,C124,#034b24,DARK GREEN (MITSUBISHI),SG,A,1
0,C,C125,#000e23,COWLING COLOR,SG,A,1
0,C,C126,#546949,COCKPIT COLOR (MITSUBISHI),SG,A,1
0,C,C127,#a2b180,COCKPIT COLOR (NAKAJIMA),SG,A,1
0,C,C128,#a5aba1,GRAY GREEN,SG,A,1
0,C,C129,#536955,DARK GREEN (NAKAJIMA),SG,A,1
0,C,C130,#566348,DARK GREEN (KAWASAKI),SG,A,1
0,C,C131,#4b2014,RED BROWN Ⅱ,SG,A,1
0,C,C132,#6f5f3c,EARTH GREEN,M,T,1
0,C,C135,#369954,RUSSIAN GREEN (1),M,T,1
0,C,C136,#3a6149,RUSSIAN GREEN (2),M,T,1
0,C,C137,#231f20,TIRE BLACK,M,A・C,1
0,C,C138,#00a650,CLEAR GREEN,C,P,1
0,C,C151,#ffffff,WHITE PEARL,PA,C,1
0,C,C156,#ffffff,SUPER WHITE Ⅳ,G,P・C,1
0,C,C158,#da2128,SUPER ITALIAN RED,G,P・C,1
0,C,C159,#d1d3d4,SUPER SILVER,ME,C,1
0,C,C171,#ed1c24,FLUORESCENT RED,FL,P,1
0,C,C172,#fff200,FLUORESCENT YELLOW,FL,P,1
0,C,C173,#ee3124,FLUORESCENT ORANGE,FL,P,1
0,C,C174,#ed0972,FLUORESCENT PINK,FL,P,1
0,C,C175,#00a650,FLUORESCENT GREEN,FL,P,1
0,C,C181,#ffffff,SEMI-GLOSS SUPER CLEAR,C,P,1
0,C,C182,#ffffff,FLAT CLEAR,C,P,1
0,C,C183,#eff2f3,SUPER CLEAR GRAY TONE,C,P,1
0,C,C188,#ffffff,FLAT BASE ROUGH,M,P,1
0,C,C189,#ffffff,FLAT BASE SMOOTH,M,P,1
0,C,C301,#3c424c,GRAY FS36081,SG,A,1
0,C,C302,#3b5c59,GREEN FS34092,SG,A,1
0,C,C303,#54645a,GREEN FS34102,SG,A,1
0,C,C304,#49433b,OLIVE DRAB FS34087,SG,A,1
0,C,C305,#4d7070,GRAY FS36118,SG,A,1
0,C,C306,#6b888a,GRAY FS36270,SG,A,1
0,C,C307,#6a8891,GRAY FS36320,SG,A,1
0,C,C308,#7d9b9f,GRAY FS36375,SG,A,1
0,C,C309,#3b5c59,GREEN FS34079,SG,A,1
0,C,C310,#766758,BROWN FS30219,SG,A,1
0,C,C311,#e5e6cf,GRAY FS36622,SG,A,1
0,C,C312,#418765,GREEN FS34227,SG,A,1
0,C,C313,#e4be8a,YELLOW FS33531 I,SG,A,1
0,C,C314,#e3f2e7,BLUE FS35622,SG,A,1
0,C,C315,#94a8a3,GRAY FS16440,G,A,1
0,C,C316,#ffffff,WHITE FS17875,G,A,1
0,C,C317,#707a71,GRAY FS36231,M,A,1
0,C,C318,#fecf8d,RADOME,SG,A,1
0,C,C319,#247260,LIGHT GREEN,SG,A,1
0,C,C320,#4b5d4d,DARK GREEN,SG,A,1
0,C,C321,#ae8d71,LIGHT BROWN,SG,A,1
0,C,C322,#313c5a,PHTHALO CYANNE BLUE,G,A,1
0,C,C323,#00b9f2,LIGHT BLUE,G,A,1
0,C,C324,#88a5a3,LIGHT GRAY,M,A,1
0,C,C325,#9faba3,GRAY FS26440,SG,A,1
0,C,C326,#35354e,BLUE FS15044,G,A,1
0,C,C327,#9e2d33,RED FS11136,G,A,1
0,C,C328,#313c5a,BLUE FS15050,G,A,1
0,C,C329,#f99d1c,YELLOW FS13538,G,A,1
0,C,C330,#435050,DARK GREEN BS381C/641,SG,A,1
0,C,C331,#555e63,DARK SEAGRAY BS381C 638,SG,A,1
0,C,C332,#8e988e,LIGHT AIRCRAFT GRAY BS381C 627,SG,A,1
0,C,C333,#334f5b,EXTRA DARK SEAGRAY BS381C 640,SG,A,1
0,C,C334,#809494,BARLEY GRAY BS4800/18B21,SG,A,1
0,C,C335,#63797d,MEDIUM SEAGRAY BS381C 637,SG,A,1
0,C,C336,#6c8e72,HEMP BS4800/10B21,SG,A,1
0,C,C337,#47767e,GRAYISH BLUE FS35237,SG,A,1
0,C,C338,#b4bbbf,LIGHT GRAY FS36495,SG,A,1
0,C,C339,#334f5b,ENGINE GRAY FS16081,G,A,1
0,C,C340,#3e5c43,FIELD GREEN FS34097,SG,A,1
0,C,C351,#78774e,ZINC-CHROMATE TYPE I FS34151,M,A,1
0,C,C352,#b69e34,CHROMATE YELLOW PRIMER FS33481,M,A,1
0,C,C361,#3a3f36,DARK GREEN BS641,M,A,1
0,C,C362,#5b676c,OCEAN GRAY,M,A,1
0,C,C363,#768a91,MEDIUM SEAGRAY BS637,M,A,1
0,C,C364,#6c8366,AIRCRAFT GRAY GREEN BS283,M,A,1
0,C,C365,#00001d,GLOSS SEABLUE FS151042,G,A,1
0,C,C366,#567082,INTERMEDIATE BLUE FS35164,M,A,1
0,C,C367,#658890,BLUE GRAY FS35189,M,A,1
0,C,C368,#a0b497,SKY BS381C/210,M,A,1
0,C,C369,#594e36,DARK EARTH BS381C/450,M,A,1
0,C,C370,#5583ac,AZURE BLUE,M,A,1
0,C,C374,#507fa4,JASDF SHALLOW OCEAN BLUE,SG,A,1
0,C,C375,#262d43,JASDF DEEP OCEAN BLUE,SG,A,1
0,C,C376,#b2bebc,JASDF RADOME GRAY,SG,A,1
0,C,C383,#274f42,DARK GREEN (KAWANISHI),SG,A,1
0,C,C384,#7e7f49,COCKPIT COLOR (KAWANISHI),SG,A,1
0,C,C385,#b1101a,RED (IJN AIRCRAFT MARKING),SG,A,1
0,C,C391,#00ad92,INTERIOR TURQUOISE GREEN (SOVIET),SG,A,1
0,C,C392,#1c9ebc,INTERIOR BLUE (SOVIET),SG,A,1
0,C,C393,#050005,RUSSIAN AIRCRAFT BLUE II,SG,A,1
0,C,C511,#4d5e36,"RUSSIAN GREEN ""4BO""",M,T,1
0,C,C512,#5f6237,"RUSSIAN GREEN ""4BO"" 1947-",M,T,1
0,C,C513,#3b4c5a,"DARK GRAY ""DUNKEL GRAU""",M,T,1
0,C,C514,#4b6d79,"GRAY ""GRAU""",M,T,1
0,C,C515,#54767f,"FADED GRAY ""BLASSGRAU""",M,T,1
0,C,C516,#394537,DARK GREEN 3414,M,T,1
0,C,C517,#48392d,BROWN 3606,M,T,1
0,C,C518,#37331e,OLIVE DRAB 2314,SG,T,1
0,C,C519,#404d3a,BRONZEGRUN,M,T,1
0,C,C520,#523b27,LEDERBRAUN,M,T,1
0,C,C521,#24292b,TEER SCHWARZ,M,T,1
0,C,C522,#594f4e,GROUND COLOR,M,T,1
0,C,C523,#58624e,GRASS COLOR,M,T,1
0,C,C524,#877a47,HAY COLOR,M,T,1
0,C,C525,#36503e,GREEN,M,T,1
0,C,C526,#856654,BROWN,M,T,1
0,C,C527,#9e7d5a,KHAKI,M,T,1
0,C,C528,#c3ac86,IDF GRAY1 (-1981 SINAI),M,T,1
0,C,C529,#867e70,IDF GRAY2 (-1981 GOLAN),M,T,1
0,C,C530,#7e7562,IDF GRAY3 (MODERN),M,T,1
0,C,C601,#888b93,IJN HULL COLOR/KURE,M,S,1
0,C,C602,#6f7272,IJN HULL COLOR/SASEBO,M,S,1
0,C,C603,#989eaa,IJN HULL COLOR/MAIZURU,M,S,1
0,C,C604,#4e7744,IJN TYPE21 CAMOFLAGE COLOR,M,S,1
0,C,C605,#7ca972,IJN TYPE22 CAMOFLAGE COLOR,M,S,1
0,C,C606,#674b44,IJN LINOLEUM DECK COLOR,M,S,1
0,C,C607,#6e767b,JMSDF 2704 GRAY N5,SG,S,1
0,C,C608,#52595d,JMSDF 2705 DARK GRAY N4,M,S,1
0,C,C609,#3e4347,JMSDF CLEATED DECK COLOR,M,S,1
0,GX,GX1,#ffffff,COOL WHITE,G,,1
0,GX,GX2,#231f20,UENO BLACK,G,,1
0,GX,GX3,#ee1d23,HARMANN RED,G,,1
0,GX,GX4,#ffdc01,CHIARA YELLOW,G,,1
0,GX,GX5,#015aaa,SUSIE BLUE,G,,1
0,GX,GX6,#006733,MORRIE GREEN,G,,1
0,GX,GX100,#ffffff,SUPER CLEAR Ⅲ,C,,1
0,GX,GX112,#d1d2d4,SUPER CLEARⅢ UV CUT GLOSS,C,P,1
0,GX,GX113,#d1d2d4,SUPER CLEARⅢ UV CUT MATT,C,P,1
0,GX,GX114,#d1d2d4,SUPER SMOOTH CLEAR〈MATT〉,C,P,1
0,GX,LG1,#ffffff,GGX WHITE,G,P,1
0,GX,LG2,#231f20,GGX BLACK,G,P,1
0,GX,LG112,#ffffff,GGX CLEAR UV CUT GLOSS,C,P,1
0,GX,LG113,#ffffff,GGX CLEAR UV CUT MATT,C,P,1
0,GX,LG115,#ffffff,GGX CLEAR UV CUT SEMI-GLOSS,C,P,1
0,GX,GX101,#221f1f,GX CLEAR BLACK,G,,1
0,GX,GX102,#b3292f,GX DEEP CLEAR RED,G,,1
0,GX,GX103,#0066b2,GX DEEP CLEAR BLUE,G,,1
0,GX,GX104,#159655,GX CLEAR GREEN,G,,1
0,GX,GX105,#da5893,GX CLEAR PINK,G,,1
0,GX,GX106,#de6c27,GX CLEAR ORANGE,G,,1
0,GX,GX107,#70469b,GX CLEAR PURPLE,G,,1
0,GX,GX108,#532e86,GX CLEAR VIOLET,G,,1
0,GX,GX109,#9d7237,GX CLEAR BROWN,G,,1
0,GX,GX110,#b6aaa6,GX CLEAR SILVER,G,,1
0,GX,GX111,#a78236,GX CLEAR GOLD,G,,1
0,GX,GX121,#a62b31,GX CLEAR ROUGE,G,,1
0,GX,GX122,#368d7c,GX CLEAR PEACOCK GREEN,G,,1
0,GX,GX201,#626368,GX METAL BLACK,ME,,1
0,GX,GX202,#d46262,GX METAL RED,ME,,1
0,GX,GX203,#ada253,GX METAL YELLOW,ME,,1
0,GX,GX204,#387ec0,GX METAL BLUE,ME,,1
0,GX,GX205,#3daba3,GX METAL GREEN,ME,,1
0,GX,GX206,#9d77a2,GX METAL PURPLE,ME,,1
0,GX,GX207,#7a60a8,GX METAL VIOLET,ME,,1
0,GX,GX208,#aeaeb0,GX ROUGH SILVER,ME,,1
0,GX,GX209,#b9906b,GX RED GOLD,ME,,1
0,GX,GX210,#b09463,GX BLUE GOLD,ME,,1
0,GX,GX211,#88956e,GX METAL YELLOW GREEN,ME,,1
0,GX,GX212,#a56267,GX METAL PEACH,ME,,1
0,GX,GX213,#9996a7,GX WHITE SILVER,ME,,1
0,GX,GX214,#747b92,GX ICE SILVER,ME,,1
0,GX,GX215,#72303b,GX METAL BLOODY RED,ME,,1
0,GX,GX216,#374c7e,GX METAL DARK BLUE,ME,,1
0,GX,GX217,#ad8d54,GX ROUGH GOLD,ME,,1
0,GX,GX218,#524a47,GX GRAPHITE BLACK,ME,,1
0,GX,XC01,#9ab0c1,DIAMOND SILVER,PA,,1
0,GX,XC02,#b8ba8f,TOPAZ GOLD,PA,,1
0,GX,XC03,#a96e72,RUBY RED,PA,,1
0,GX,XC04,#8155a2,AMETHYST PURPLE,PA,,1
0,GX,XC05,#3777bc,SAPPHIRE BLUE,PA,,1
0,GX,XC06,#45a2a4,TOURMALINE GREEN,PA,,1
0,GX,XC07,#2296be,TURQUOISE GREEN,PA,,1
0,GX,XC08,#b4c2d5,MOONSTONE PEARL,PA,,1
0,SM,SM201,#cccdcf,SUPER FINE SILVER 2,ME,,1
0,SM,SM202,#cbac77,SUPER GOLD 2,ME,,1
0,SM,SM203,#b7b8bb,SUPER IRON 2,ME,,1
0,SM,SM204,#bcbdc0,SUPER STAINLESS 2,ME,,1
0,SM,SM205,#d6d2d6,SUPER TITANIUM 2,ME,,1
0,SM,SM206,#cbccce,SUPER CHROME SILVER 2,ME,,1
0,SM,SM207,#deb232,SUPER RICH GOLD,ME,,1
0,SM,SM208,#d3d4d6,SUPER DURALUMIN,ME,,1
0,SM,SM209,#ca6b59,SUPER COPPER,ME,,1
0,SM,SM210,#d99fa1,SUPER PINK GOLD,ME,,1
0,SM,SM211,#dd9b31,SUPER RED GOLD,ME,,1
0,SM,SM212,#d4d5d7,SUPER MATT ALUMINUM,ME,,1
0,CR,CR1,#00aeef,CYAN,G,,1
0,CR,CR2,#ec008c,MAGENTA,G,,1
0,CR,CR3,#fff200,YELLOW,G,,1
1,CR,HCR1,#00aeef,CYAN,G,,5
1,CR,HCR2,#ec008c,MAGENTA,G,,5
1,CR,HCR3,#fff200,YELLOW,G,,5
0,S,S1,#ffffff,WHITE,G,P,2
0,S,S2,#231f20,BLACK,G,P,2
0,S,S3,#ed1c24,RED,G,P,2
0,S,S4,#ffdd00,YELLOW,G,P,2
0,S,S5,#0060af,BLUE,G,P,2
0,S,S6,#006835,GREEN,G,P,2
0,S,S8,#d1d3d4,SILVER,ME,P,2
0,S,S9,#dcaf31,GOLD,ME,P,2
0,S,S11,#b4bbbf,LIGHT GULL GRAY A,SG,US,2
0,S,S12,#6f5f3c,OLIVE DRAB (1) A,SG,US・Ⅱ,2
0,S,S13,#677a83,NEUTRAL GRAY A,SG,US・Ⅱ,2
0,S,S14,#234f5b,NAVY BLUE A,SG,US・Ⅱ,2
0,S,S15,#44503d,IJN GREEN (NAKAJIMA) A,SG,J・Ⅱ,2
0,S,S16,#22543f,IJA GREEN A,SG,J・Ⅱ,2
0,S,S28,#231f20,STEEL,ME,P,2
0,S,S29,#61343b,HULL RED,SG,S,2
0,S,S30,#ffffff,FLAT CLEAR,C,P,2
0,S,S31,#4c7566,DARK GRAY (1) S,SG,US・Ⅱ,2
0,S,S32,#485d64,DARK GRAY (2) S,SG,J・Ⅱ,2
0,S,S33,#231f20,FLAT BLACK,M,P,2
0,S,S34,#0095da,SKY BLUE,G,P,2
0,S,S35,#94b0be,IJN GRAY (MITSUBISHI) A,SG,J・Ⅱ,2
0,S,S38,#44503d,OLIVE DRAB (2) T,M,US,2
0,S,S39,#ba9765,DARK YELLOW (SANDY YELLOW) T,M,G・Ⅱ,2
0,S,S40,#2f4248,GERMAN GRAY T,M,G・Ⅱ,2
0,S,S41,#573438,RED BROWN T,M,G・Ⅱ,2
0,S,S42,#4d3538,MAHOGANY,SG,P,2
0,S,S43,#71513a,WOOD BROWN,SG,P,2
0,S,S44,#c4a26e,TAN,SG,S,2
0,S,S46,#ffffff,CLEAR,C,P,2
0,S,S47,#ed1c24,CLEAR RED,C,P,2
0,S,S48,#ffd401,CLEAR YELLOW,C,P,2
0,S,S49,#f26522,CLEAR ORANGE,C,P,2
0,S,S50,#00aeef,CLEAR BLUE,C,P,2
0,S,S58,#f47920,ORANGE YELLOW A,SG,J・Ⅱ,2
0,S,S59,#f26522,ORANGE,SG,P,2
0,S,S61,#573a34,BURNT IRON,ME,P・C,2
0,S,S62,#ffffff,FLAT WHITE,M,P,2
0,S,S63,#f17298,PINK,G,P,2
0,S,S64,#1eaa4a,YELLOW GREEN,G,P・C,2
0,S,S65,#074ea2,BRIGHT BLUE,G,P・C,2
0,S,S66,#00a650,BRIGHT GREEN,G,P・C,2
0,S,S67,#483087,PURPLE,G,P,2
0,S,S68,#da2128,MADDER RED,G,P・C,2
0,S,S69,#f6f3ee,OFF WHITE,G,P・C,2
0,S,S70,#3a4940,DARK GREEN T,M,G・Ⅱ,2
0,S,S72,#2a879f,INTERMEDIATE,SG,BLUE,2
0,S,S75,#af2a30,METALLIC RED,ME,P・C,2
0,S,S76,#005aaa,METALLIC BLUE,ME,P・C,2
0,S,S77,#009058,METALLIC GREEN,ME,P・C,2
0,S,S78,#231f20,METAL BLACK,ME,P・C,2
0,S,S79,#ed1c24,SHINE RED,G,P,2
0,S,S80,#2e3092,COBALT BLUE,SG,P,2
0,S,S81,#7c3139,RUSSET,G,P,2
0,S,S90,#c7c8ca,SHINE SILVER,ME,P,2
0,S,S92,#231f20,SEMI GLOSS BLACK,SG,P,2
0,S,S97,#aab7af,LIGHT GRAY,G,P,2
0,S,S101,#3b2f20,SMOKE GRAY,G,P・C,2
0,S,S107,#f0f1ee,CHARACTER WHITE,SG,P,2
0,S,S108,#c9252b,CHARACTER RED,SG,P,2
0,S,S109,#f5821f,CHARACTER YELLOW,SG,P,2
0,S,S110,#074ea2,CHARACTER BLUE,SG,P,2
0,S,S111,#fdddcf,CHARACTER FLESH (1),SG,P,2
0,S,S112,#f9b5b2,CHARACTER FLESH (2),SG,P,2
0,S,S115,#6d92a0,RLM65 LIGHT BLUE A,SG,G・Ⅱ,2
0,S,S117,#afcbc9,RLM76 LIGHT BLUE A,SG,G・Ⅱ,2
0,S,S124,#22473f,DARK GREEN (MITSUBISHI) A,SG,J・Ⅱ,2
0,S,SJ01,#60727a,JAPANESE NAVAL ARSENAL COLOR,M,,2
0,S,SJ02,#515254,JAPANESE NAVAL ARSENAL COLOR,M,,2
1,H,H1,#ffffff,WHITE,G,,5
1,H,H2,#231f20,BLACK,G,,5
1,H,H3,#ed1c24,RED,G,,5
1,H,H4,#ffdd00,YELLOW,G,,5
1,H,H5,#005aaa,BLUE,G,,5
1,H,H6,#00904d,GREEN,G,,5
1,H,H7,#ca4136,BROWN,G,,5
1,H,H8,#d1d3d4,SILVER,ME,,5
1,H,H9,#dcaf31,GOLD,ME,,5
1,H,H10,#cd733a,COPPER,ME,,5
1,H,H11,#ffffff,FLAT WHITE,M,,5
1,H,H12,#231f20,FLAT BLACK,M,,5
1,H,H13,#da2128,FLAT RED,M,,5
1,H,H14,#ef4023,ORANGE,G,,5
1,H,H15,#074ea2,BRIGHT BLUE,G,P・C,5
1,H,H16,#2aa44a,YELLOW GREEN,G,P・C,5
1,H,H17,#613438,COCOA BROWN,G,P・S,5
1,H,H18,#231f20,STEEL,ME,,5
1,H,H19,#f17298,PINK,G,,5
1,H,H20,#ffffff,FLAT CLEAR,C,,5
1,H,H21,#f6f3ee,OFF WHITE,G,,5
1,H,H22,#5b6b78,GRAY,G,,5
1,H,H23,#ed1c24,SHINE RED,G,,5
1,H,H24,#f47920,ORANGE YELLOW,G,,5
1,H,H25,#0095da,SKY BLUE,G,,5
1,H,H26,#00a650,BRIGHT GREEN,G,P・C,5
1,H,H27,#c4a26e,TAN,G,P・S,5
1,H,H28,#231f20,METAL BLACK,ME,,5
1,H,H29,#f15a4e,SALMON PINK,G,,5
1,H,H30,#ffffff,CLEAR,C,,5
1,H,H31,#e3f2e7,WHITE GREEN,G,,5
1,H,H32,#2f4248,FIELD GRAY (1),G,P・T G・Ⅱ,5
1,H,H33,#853035,RUSSET,G,,5
1,H,H34,#e4a024,CREAM YELLOW,G,,5
1,H,H35,#2e3092,COBALT BLUE,G,,5
1,H,H36,#44503d,DARK GREEN,G,,5
1,H,H37,#71513a,WOOD BROWN,G,,5
1,H,H38,#4c3540,STEEL RED,ME,,5
1,H,H39,#483087,PURPLE,G,,5
1,H,H40,#ffffff,FLAT BASE,M,,5
1,H,H41,#99d4c0,PALE GREEN,G,,5
1,H,H42,#3d6c89,BLUE GRAY,G,,5
1,H,H43,#c9252b,WINE RED,G,,5
1,H,H44,#e3ac7c,FLESH,SG,,5
1,H,H45,#00c0f3,LIGHT BLUE,G,,5
1,H,H46,#00ad8e,EMERALD GREEN,G,,5
1,H,H47,#743237,RED BROWN,G,P・T G・Ⅱ,5
1,H,H48,#405651,FIELD GRAY (2),G,P・T G・Ⅱ,5
1,H,H49,#6f85c2,VIOLET,G,,5
1,H,H50,#83ae74,LIME GREEN,G,,5
1,H,H51,#b4bbbf,LIGHT GULL GRAY,G,A US,5
1,H,H52,#5f552e,OLIVE DRAB (1),SG,A US・Ⅱ,5
1,H,H53,#5b6b78,NEUTRAL GRAY,SG,A US・Ⅱ,5
1,H,H54,#234f5b,NAVY BLUE,SG,A US・Ⅱ,5
1,H,H55,#231f20,MIDNIGHT BLUE,G,A US・Ⅱ,5
1,H,H56,#2d5562,INTERMEDIATE BLUE,SG,A US・Ⅱ,5
1,H,H57,#729998,AIRCRAFT GRAY,G,A US,5
1,H,H58,#b2a335,INTERIOR GREEN,SG,A US・Ⅱ,5
1,H,H59,#003920,IJN GREEN,G,A J・Ⅱ,5
1,H,H60,#1a5a40,IJA GREEN,SG,A J・Ⅱ,5
1,H,H61,#65858f,IJN GRAY,G,A J・Ⅱ,5
1,H,H62,#769589,IJA GRAY,SG,A J・Ⅱ,5
1,H,H63,#006563,METALLIC BLUE GREEN,ME,A J・Ⅱ,5
1,H,H64,#3a4238,RLM71 DARK GREEN,SG,A G・Ⅱ,5
1,H,H65,#363639,RLM70 BLACK GREEN,SG,A G・Ⅱ,5
1,H,H66,#a68352,RLM79 SANDY BROWN,SG,A G・Ⅱ,5
1,H,H67,#73adb6,RLM65 LIGHT BLUE,SG,A G・Ⅱ,5
1,H,H68,#4d4d4f,RLM74 DARK GRAY,SG,A G・Ⅱ,5
1,H,H69,#636466,RLM75 GRAY,SG,A G・Ⅱ,5
1,H,H70,#828065,RLM02 GRAY,SG,A G・Ⅱ,5
1,H,H71,#aa8a4b,MIDDLE STONE,SG,A UK・Ⅱ,5
1,H,H72,#85744c,DARK EARTH,SG,A UK・Ⅱ,5
1,H,H73,#4b604d,DARK GREEN,SG,A UK・Ⅱ,5
1,H,H74,#cfdaaa,SKY (DUCK EGG GREEN),SG,A UK・Ⅱ,5
1,H,H75,#6e7e6c,DARK SEAGRAY,SG,A UK・Ⅱ,5
1,H,H76,#80777e,BURNT IRON,ME,P・C,5
1,H,H77,#231f20,TIRE BLACK,M,A・C,5
1,H,H78,#44503d,OLIVE DRAB (2),SG,T US,5
1,H,H79,#ba9765,SANDY YELLOW (DARK YELLOW),SG,T G・Ⅱ,5
1,H,H80,#284f3e,KHAKI GREEN,M,T US・Ⅱ,5
1,H,H81,#6f5f3c,KHAKI,M,T J・UK・Ⅱ,5
1,H,H82,#949591,DARK GRAY (1),SG,S US・Ⅱ,5
1,H,H83,#6d6e6b,DARK GRAY (2),SG,S J・Ⅱ,5
1,H,H84,#4d3538,MAHOGANY,SG,P・S,5
1,H,H85,#b9b084,SAIL COLOR,M,P・S,5
1,H,H86,#da2128,RED MADDER,G,P・C,5
1,H,H87,#a64256,METALLIC RED,ME,P・C,5
1,H,H88,#005a9e,METALLIC BLUE,ME,P・C,5
1,H,H89,#009066,METALLIC GREEN,ME,P・C,5
1,H,H90,#ed1c24,CLEAR RED,C,,5
1,H,H91,#ffd401,CLEAR YELLOW,C,,5
1,H,H92,#f26522,CLEAR ORANGE,C,,5
1,H,H93,#00aeef,CLEAR BLUE,C,,5
1,H,H94,#00a650,CLEAR GREEN,C,,5
1,H,H95,#75675e,SMOKE GRAY,G,P・C,5
1,H,H96,#c7eafb,SMOKE BLUE,G,P・C,5
1,H,H97,#fff200,FLUORESCENT YELLOW,FL,,5
1,H,H98,#ee3124,FLUORESCENT ORANGE,FL,,5
1,H,H99,#ed0972,FLUORESCENT PINK,FL,,5
1,H,H100,#00a650,FLUORESCENT GREEN,FL,,5
1,H,H101,#ed1c24,FLUORESCENT RED,FL,,5
1,H,H110,#ffffff,SEMI-GLOSS CLEAR,C,,5
1,H,H151,#f1f1eb,WHITE PEARL,PA,,5
1,H,H301,#4f504f,GRAY FS36081,SG,A US,5
1,H,H302,#445041,GREEN FS34092,SG,A US,5
1,H,H303,#6f5f3c,GREEN FS34102,SG,A US,5
1,H,H304,#79603b,OLIVE DRAB FS34087,SG,A US,5
1,H,H305,#667375,GRAY FS36118,SG,A US,5
1,H,H306,#8a92a0,GRAY FS36270,SG,A US,5
1,H,H307,#6a8891,GRAY FS36320,SG,A US,5
1,H,H308,#879fad,GRAY FS36375,SG,A US,5
1,H,H309,#5c503c,GREEN FS34079,SG,A US,5
1,H,H310,#a5755e,BROWN S30219,SG,A US,5
1,H,H311,#e5e6cf,GRAY FS36622,SG,A,5
1,H,H312,#76977c,GREEN FS34227,SG,A I,5
1,H,H313,#e5c89e,YELLOW FS33531,SG,A I,5
1,H,H314,#e3f2e7,BLUE FS35622,SG,A I,5
1,H,H315,#c1beb7,GRAY FS16440,G,A US,5
1,H,H316,#fffde9,WHITE FS17875,G,A US,5
1,H,H317,#857e7d,GRAY FS36231,M,A US,5
1,H,H318,#fecf8d,RADOME,SG,A US,5
1,H,H319,#5c7651,LIGHT GREEN,SG,A J,5
1,H,H320,#756d53,DARK GREEN,SG,A J,5
1,H,H321,#ae8d71,LIGHT BROWN,SG,A J,5
1,H,H322,#313c5a,PHTHALO CYANINE BLUE,G,A J,5
1,H,H323,#00b9f2,LIGHT BLUE,G,A J,5
1,H,H324,#9eacab,LIGHT GRAY,M,A J,5
1,H,H325,#9faba3,GRAY FS26440,SG,A J,5
1,H,H326,#35354e,BLUE FS15044,G,A US,5
1,H,H327,#9e2d33,RED FS11136,G,A US,5
1,H,H328,#313c5a,BLUE FS15050,G,A US,5
1,H,H329,#fcaf17,YELLOW S13538,G,A US,5
1,H,H330,#5c503c,DARK GREEN BS381C/641,SG,A UK,5
1,H,H331,#555e63,DARK SEAGRAY BS381C/638,SG,A UK,5
1,H,H332,#b2b1ab,LIGHT AIRCRAFT GRAY BS381C/627,SG,A UK,5
1,H,H333,#57555d,EXTRA DARK SEAGRAY BS381C/640,SG,A UK,5
1,H,H334,#90b1b6,BARLEY GRAY BS4800/18B21,SG,A UK,5
1,H,H335,#63797d,MEDIUM SEAGRAY BS381C/637,SG,A UK,5
1,H,H336,#b8a988,HEMP BS4800/10B21,SG,A UK,5
1,H,H337,#818d97,GRAYISH BLUE S35237,SG,A US,5
1,H,H338,#b4bbbf,LIGHT GRAY FS36495,SG,A US,5
1,H,H339,#58554e,ENGINE GRAY FS16081,G,A US,5
1,H,H340,#645e41,FIELD GREEN FS34097,SG,A,5
1,H,H401,#2f4248,DARK GRAY,M,T G・Ⅱ,5
1,H,H402,#ba9765,GREEN BROWN,M,T G・Ⅱ,5
1,H,H403,#c6aa55,DARK YELLOW,M,T G・Ⅱ,5
1,H,H404,#9d8145,KHAKI BROWN,M,T G・Ⅱ,5
1,H,H405,#4b604d,OLIVE GREEN,M,T G・Ⅱ,5
1,H,H406,#573438,CHOCOLATE BROWN,M,T G・Ⅱ,5
1,H,H413,#faa619,RLM04 YELLOW,SG,A G・Ⅱ,5
1,H,H414,#c9234a,RLM23 RED,SG,A G・Ⅱ,5
1,H,H416,#333132,RLM66 BLACK GRAY,SG,A G・Ⅱ,5
1,H,H417,#b6d4db,RLM76 LIGHT BLUE,SG,A G・Ⅱ,5
1,H,H418,#6ba6bd,RLM78 LIGHT BLUE,SG,A G・Ⅱ,5
1,H,H420,#595d3e,RLM80 OLIVE GREEN,SG,A G・Ⅱ,5
1,H,H421,#575d52,RLM81 BROWN VIOLET,SG,A G・Ⅱ,5
1,H,H422,#517542,RLM82 LIGHT GREEN,SG,A G・Ⅱ,5
1,H,H423,#346756,RLM83 DARK GREEN,SG,A G・Ⅱ,5
1,H,H511,#695f31,"RUSSIAN GREEN ""4BO""",M,T S,5
1,H,H512,#5d6136,"RUSSIAN GREEN ""4BO"" 1947-",M,T S,5
1,H,H513,#3a4b59,"DARK GRAY ""DUNKEL GRAU""",M,T,5
1,H,H514,#496c78,"GRAY ""GRAU""",M,T,5
1,H,H515,#55757d,"FADED GRAY ""BLASSGRAU""",M,T,5
1,H,HCD01,#e0d5ea,LAVENDER,M,,5
1,H,HCD02,#fcdfeb,TULIP,M,,5
1,H,HCD03,#fdddd7,SAKURA,M,,5
1,H,HCD04,#fee6d3,GINSENKA,M,,5
1,H,HCD05,#eff5de,MIMOSA,M,,5
1,H,HCD06,#d7eddd,CLOVER,M,,5
1,H,HCD07,#c8dfec,BLUE STAR,M,,5
1,H,HJ01,#fef0e0,GLOSS WHITE,G,,5
1,H,HJ02,#c88b94,PINK RED,G,,5
1,H,HJ03,#e8cd8a,MUSTARD YELLOW,G,,5
1,H,HJ04,#6c82b6,ICE BLUE,G,,5
1,H,HJ05,#919586,MOSS GREEN,G,,5
1,H,HJ06,#927a94,ASH PURPLE,G,,5
1,H,HJ07,#f9a51b,PROTOTYPE ORANGE,G,,5
1,H,HJ08,#86736c,WARM GRAY,G,,5
1,H,HM01,#7a8185,LIGHTNING GRAY-1,SG,,5
1,H,HM02,#737a80,LIGHTNING GRAY-2,SG,,5
3,N,N1,#ffffff,WHITE,G,,5
3,N,N2,#231f20,BLACK,G,,5
3,N,N3,#ed1c24,RED,G,,5
3,N,N4,#ffdd00,YELLOW,G,,5
3,N,N5,#005aaa,BLUE,G,,5
3,N,N6,#00904d,GREEN,G,,5
3,N,N7,#ca4136,BROWN,G,,5
3,N,N8,#d1d3d4,SILVER,ME,,5
3,N,N9,#dcaf31,GOLD,ME,,5
3,N,N10,#cd733a,COPPER,ME,,5
3,N,N11,#ffffff,MATT WHITE,M,,5
3,N,N12,#231f20,MATT BLACK,M,,5
3,N,N13,#da2128,MATT RED,M,,5
3,N,N14,#ef4023,ORANGE,G,,5
3,N,N15,#074ea2,BRIGHT BLUE,G,,5
3,N,N16,#2aa44a,YELLOW GREEN,G,,5
3,N,N17,#61343b,HULL RED,SG,,5
3,N,N18,#231f20,STEEL,ME,,5
3,N,N19,#f17298,PINK,G,,5
3,N,N20,#ffffff,FLAT CLEAR,C,,5
3,N,N21,#f6f3ee,OFF WHITE,G,,5
3,N,N22,#5b6b78,NEUTRAL GRAY,SG,,5
3,N,N23,#ed1c24,SHINE RED,G,,5
3,N,N24,#f47920,ORANGE YELLOW,SG,,5
3,N,N25,#0095da,SKY BLUE,G,,5
3,N,N26,#00a650,BRIGHT GREEN,G,,5
3,N,N27,#c4a26e,TAN,SG,,5
3,N,N28,#231f20,METAL BLACK,ME,,5
3,N,N30,#ffffff,CLEAR,C,,5
3,N,N32,#2f4248,GERMAN GRAY 3/4,M,,5
3,N,N33,#853039,RUSSET,G,,5
3,N,N34,#e4a024,CREAM YELLOW,G,,5
3,N,N35,#2e3092,COBALT BLUE,G,,5
3,N,N36,#003920,IJN GREEN (NAKAJIMA),SG,,5
3,N,N37,#71513a,WOOD BROWN,SG,,5
3,N,N38,#4c3540,STEEL RED,ME,,5
3,N,N39,#483087,PURPLE,G,,5
3,N,N40,#ffffff,FLAT BASE,M,,5
3,N,N43,#af2a3d,WINE RED,G,,5
3,N,N44,#e3ac7c,FLESH,SG,,5
3,N,N45,#00c0f3,LIGHT BLUE,G,,5
3,N,N46,#00ad8e,EMERALD GREEN,G,,5
3,N,N47,#743237,RED BROWN,M,,5
3,N,N49,#6f85c2,VIOLET,G,,5
3,N,N50,#83ae74,LIME GREEN,G,,5
3,N,N51,#b4bbbf,LIGHT GULL GRAY,G,,5
3,N,N52,#5f552e,OLIVE DRAB (1),SG,,5
3,N,N54,#234f5b,NAVY BLUE,SG,,5
3,N,N55,#38494e,MIDNIGHT BLUE,G,,5
3,N,N56,#2d5562,INTERMEDIATE BLUE,SG,,5
3,N,N57,#729998,AIRCRAFT GRAY,G,,5
3,N,N58,#b2a335,INTERIOR GREEN,SG,,5
3,N,N60,#22543f,IJA GREEN,SG,,5
3,N,N61,#94b0be,IJN GRAY (MITSUBISHI),G,,5
3,N,N62,#6f9f9b,IJN GRAY GREEN (NAKAJIMA),SG,,5
3,N,N63,#007b72,METALLIC BLUE GREEN,ME,,5
3,N,N66,#9d8145,RLM79 SAND YELLOW,SG,,5
3,N,N67,#6d92a0,RLM65 LIGHT BLUE,SG,,5
3,N,N68,#264142,RLM74 GRAY GREEN,SG,,5
3,N,N69,#546460,RLM75 GRAY VIOLET,SG,,5
3,N,N70,#959480,RLM02GRAY,SG,,5
3,N,N71,#aa8a4b,MIDDLE STONE,SG,,5
3,N,N72,#5c5144,DARK EARTH,SG,,5
3,N,N73,#3a4940,DARK GREEN,SG,,5
3,N,N76,#58575c,BURNT IRON,ME,,5
3,N,N77,#231f20,TIRE BLACK,M,,5
3,N,N78,#44503d,OLIVE DRAB (2),M,,5
3,N,N79,#ba9765,DARK YELLOW 3/4,M,,5
3,N,N80,#3a4940,KHAKI GREEN,M,,5
3,N,N81,#5b573d,KHAKI,M,,5
3,N,N82,#848c8d,DARKGRAY (1),SG,,5
3,N,N83,#485d64,DARKGRAY (2),SG,,5
3,N,N84,#4d3538,MAHOGANY,SG,,5
3,N,N85,#b9b084,SAIL COLOR,M,,5
3,N,N86,#da2128,RED MADDER,G,,5
3,N,N87,#af2a30,METALLIC RED,ME,,5
3,N,N88,#005aaa,METALLIC BLUE,ME,,5
3,N,N89,#009058,METALLIC GREEN,ME,,5
3,N,N90,#ed1c24,CLEAR RED,C,,5
3,N,N91,#ffd401,CLEAR YELLOW,C,,5
3,N,N92,#f26522,CLEAR ORANGE,C,,5
3,N,N93,#00aeef,CLEAR BLUE,C,,5
3,N,N94,#00a650,CLEAR GREEN,C,,5
3,N,N95,#3b2f20,SMOKE GRAY,G,,5
3,N,N97,#fff200,FLUORESCENT YELLOW,FL,,5
3,N,N98,#ee3124,FLUORESCENT ORANGE,FL,,5
3,N,N99,#ed0972,FLUORESCENT PINK,FL,,5
3,N,N100,#00a650,FLUORESCENT GREEN,FL,,5
3,N,N101,#ed1c24,FLUORESCENT RED,FL,,5
3,N,N127,#a2b180,COCKPIT COLOR (NAKAJIMA),SG,,5
3,N,BN01,#ffffff,BASE WHITE,M,,5
3,N,BN02,#4e5e64,BASE GRAY,M,,5
3,N,BN03,#af3446,BASE RED,M,,5
3,N,BN04,#f8b84c,BASE YELLOW,M,,5
3,N,BN05,#007dc4,BASE BLUE,M,,5
3,N,BN06,#006b65,BASE GREEN,M,,5
3,N,NF01,#f1aab3,STRAWBERRY PINK,M,,5
3,N,NF02,#f4cac1,MILKY CORAL,M,,5
3,N,NF03,#ead8bc,CREAMY BEIGE,M,,5
3,N,NF04,#9ed3a1,GRASS GREEN,M,,5
3,N,NF05,#b6dfcf,MINT BLUE,M,,5
3,N,NF06,#8a4b66,CASSIS PINK,M,,5
3,N,NF07,#a32952,WINE RED,M,,5
3,N,NF08,#815f89,GRAYISH PURPLE,M,,5
3,N,NF09,#786b35,ANTIQUE GOLD,M,,5
3,N,ND01,#d18734,DOUGH,M,,5
3,N,ND02,#bb7444,LIGHTLY TOASTED BROWN,M,,5
3,N,ND03,#7a5240,WELL TOASTED BROWN,M,,5
3,N,ND04,#f1a16b,CLEAR BROWN,C,,5
3,N,ND05,#774940,MILK CHOCOLATE BROWN,M,,5
3,N,ND06,#4b331f,DARK CHOCOLATE BROWN,M,,5
3,N,ND07,#ed2435,STRAWBERRY RED,M,,5
0,CL,CL01,#fcd0b7,WHITE PEACH,G,,1
0,CL,CL02,#a37d76,COCOA MILK,G,,1
0,CL,CL03,#fac7bf,CLEAR PALE RED,C,,1
0,CL,CL04,#fccb9c,CLEAR PALE ORANGE,C,,1
0,CL,CL05,#f7996e,CLEAR PALE BROWN,C,,1
0,CL,CL06,#ffffff,CLEAR WHITE,C,,1
0,CL,CL07,#f9b4ad,ROSY PEACH,G,,1
0,CL,CL08,#fefbf5,NUTS WHITE,G,,1
0,CL,CL09,#ffffff,SMOOTH PEARL COAT,G,,1
0,CL,CL101,#f0f099,BLONDE,G,,1
0,CL,CL102,#c45738,COPPER BROWN,G,,1
0,CL,CL103,#3d3d3e,BLACK HAIR,G,,1
0,CL,CL104,#e794c0,PINK PURPLE,G,,1
0,CL,CL105,#c099c6,LILACK,G,,1
0,CL,CL106,#ffffff,ICY WHITE,G,,1
0,CL,CL107,#a4a091,FLAXEN,G,,1
0,CL,CL108,#00a6af,PALE BLUE-GREEN,G,,1
0,CL,CL109,#94cc6e,LIME GREEN,G,,1
0,CL,CL110,#ee336c,SCARLET,G,,1
0,CL,CL111,#5bc3ef,AZURE,G,,1
0,CL,CL200,#f2f2ac,GOLD PEARL BASE,PA,,1
0,CL,CL201,#4c4e50,STOCKINGS BLACK,G,,1
0,CL,CL202,#705957,STOCKINGS BROWN,G,,1
0,CL,CL203,#f3f3f3,STOCKINGS WHITE,G,,1
0,CL,BC01,#fab49b,PALE ORANGE,G,,1
0,CL,BC02,#f15f53,CARROT ORANGE,G,,1
0,CL,BC03,#f9aa8f,MILKY PEACH,G,,1
0,CL,BC04,#f48b94,CORAL PINK,G,,1
3,SVC,SVC1,#ffffff,WHITE,G,,5
3,SVC,SVC2,#231f20,BLACK,G,,5
3,SVC,SVC3,#ee1d23,RED,G,,5
3,SVC,SVC4,#ffdc01,YELLOW,G,,5
3,SVC,SVC5,#015aaa,BLUE,G,,5
3,SVC,SVC6,#d1d2d4,SILVER,ME,,5
3,SVC,SVC7,#dbaf31,GOLD,ME,,5
3,SVC,SVC8,#253b4c,METALLIC BLACK,ME,,5
3,SVC,SVC9,#003914,GREEN,M,,5
3,SVC,SVC10,#8b3415,BROWN,M,,5
3,SVC,SVC11,#4b626e,GRAY,M,,5
3,SVC,SVC101,#f7f7f8,CLEAR,C,,5
1,H,HLP101,#fcd199,STELLA YELLOW,PA,,5
1,H,HLP102,#93cd94,STELLA GREEN,PA,,5
1,H,HLP103,#9fd8d3,STELLA TURQUOISE,PA,,5
1,H,HLP104,#eeb081,STELLA ORANGE,PA,,5
1,H,HLP105,#b1657b,STELLA WINE RED,PA,,5
1,H,HLP109,#716885,STELLA JAZZ BLUE,PA,,5
1,H,HLP110,#fcfefc,STELLA TRILLIANT PEARL,PA,,5
1,H,HLP111,#bed9e8,STELLA BABY BLUE,PA,,5
1,H,HLP112,#a88bb9,STELLA PURPLE,PA,,5
1,H,HLP113,#c6e3c0,STELLA WAKAKUSA GREEN,PA,,5
1,H,HLP114,#67c7c1,STELLA AMAZONITE,PA,,5
1,H,HLP115,#5a70a3,STELLA CALM BLUE,PA,,5
1,H,HLP116,#896085,STELLA BYZANTIUM,PA,,5
1,H,HLP117,#e5afd0,STELLA PINK,PA,,5
1,H,HLP118,#d65d5b,STELLA RED,PA,,5
1,H,HMS01,#f2ceaf,BODY COLOR A,SG,,5
1,H,HMS02,#f9e1c7,BODY COLOR B,SG,,5
1,H,HMS03,#e0a689,BODY COLOR C,SG,,5
1,H,HMS04,#f7cac2,CLEAR PALE RED,C,,5
1,H,HMS05,#fccb9d,CLEAR PALE ORANGE,C,,5
1,H,HMS06,#f8a377,CLEAR PALE BROWN,C,,5
1,H,HMS07,#ffffff,CLEAR WHITE,C,,5
1,H,HMS08,#ffffff,SMOOTH PEARL CORT,SG,,5
1,H,HDQ01,#4299cc,SLIME BLUE,G,,5
1,H,HDQ02,#f7931d,SLIME BASE ORANGE,G,,5
1,H,HDQ03,#87c765,LIME SLIME GREEN,G,,5
1,H,HDQ04,#0f4d93,DRAKEY DARK BLUE,SG,,5
1,H,HDQ05,#cfd2d4,METAL SLIME SILVER,ME,,5
1,H,HEV101,#685894,EVA PURPLE,SG,,5
1,H,HEV102,#71bf44,EVA LIME GREEN,SG,,5
1,H,HEV103,#f7943a,EVA ORANGE YELLOW,SG,,5
1,H,HV01,#707050,AT GREEN,SG,,5
1,H,HV02,#b7b88d,AT LIGHT GREEN,SG,,5
1,H,HV03,#646c5f,AT BLUE GRAY,SG,,5
1,H,HV04,#787c8b,AT LIGHT GRAY,SG,,5
1,H,HV05,#29384c,AT DARK BLUE,SG,,5
0,UG,UG01,#ebf3f6,MS WHITE,SG,,1
0,UG,UG02,#0153a0,MS BLUE,SG,,1
0,UG,UG03,#fcba13,MS YELLOW,SG,,1
0,UG,UG04,#c92c2e,MS RED,SG,,1
0,UG,UG05,#2c3031,U.N.T'.s MS GRAY,SG,,1
0,UG,UG06,#88ab8f,MS GREEN,SG,,1
0,UG,UG07,#4e6f56,MS DEEP GREEN,SG,,1
0,UG,UG08,#9c85bd,MS PURPLE,SG,,1
0,UG,UG09,#4f5362,ZEON'S MS GRAY,SG,,1
0,UG,UG10,#dc6c70,MS CHAR'S PINK,SG,,1
0,UG,UG11,#892e4f,MS CHAR'S RED,SG,,1
0,UG,UG12,#d1232a,MS SAZABI RED,SG,,1
0,UG,UG13,#0f4ca0,A.E.U.G'.s MS BLUE,SG,,1
0,UG,UG14,#437ec1,MS LIGHT BLUE,SG,,1
0,UG,UG15,#04010f,MS PHANTOM GRAY,SG,,1
0,UG,UG16,#080917,MS TITANS BLUE 1,SG,,1
0,UG,UG17,#080e58,MS TITANS BLUE 2,SG,,1
0,UG,UG18,#d5ebdb,RX-78 WHITE,SG,,1
0,UG,UG19,#009fd7,RX-78 BLUE,SG,,1
0,UG,UG20,#ef342a,RX-78 RED,SG,,1
0,UG,UG21,#fbb017,RX-78 YELLOW,SG,,1
0,UG,UG22,#723236,MS-06S RED,SG,,1
0,UG,UG23,#f05970,MS-06S PINK,SG,,1
0,UG,UG24,#d91d4e,TRANS-AM RED PEARL,G,,1
0,UG,UG25,#ef3875,TRANS-AM HIGHLIGHT RED,G,,1
0,UG,UG26,#000037,ν DARK BLUE,G,,1
0,UG,UG27,#3663af,Hi-ν BLUE,G,,1
0,UG,UG28,#3e3f99,Hi-ν VIOLET,G,,1
0,UG,UG29,#5b2e91,Hi-ν PURPLE,G,,1
0,UG,SG01,#ebf3f6,MS WHITE,SG,,2
0,UG,SG02,#0153a0,MS BLUE,SG,,2
0,UG,SG03,#fcba13,MS YELLOW,SG,,2
0,UG,SG04,#c92c2e,MS RED,SG,,2
0,UG,SG05,#2c3031,U.N.T'.s MS GRAY,SG,,2
0,UG,SG06,#88ab8f,MS GREEN,SG,,2
0,UG,SG07,#4e6f56,MS DEEP GREEN,SG,,2
0,UG,SG08,#9c85bd,MS PURPLE,SG,,2
0,UG,SG09,#4f5362,ZEON'S MS GRAY,SG,,2
0,UG,SG10,#dc6c70,MS CHAR'S PINK,SG,,2
0,UG,SG11,#892e4f,MS CHAR'S RED,SG,,2
0,UG,SG12,#d1232a,MS SAZABI RED,SG,,2
0,UG,SG13,#0f4ca0,A.E.U.G'.s MS BLUE,SG,,2
0,UG,SG14,#437ec1,MS LIGHT BLUE,SG,,2
0,UG,SG15,#04010f,MS PHANTOM GRAY,SG,,2
0,UG,SG16,#080917,MS TITANS BLUE 1,SG,,2
0,UG,SG17,#080e58,MS TITANS BLUE 2,SG,,2
1,UG,HGQ01,#e0e8ec,GQuuuuuuX WHITE,SG,,5
1,UG,HGQ02,#48809b,GQuuuuuuX BLUE,SG,,5
1,UG,HGQ03,#f79447,GQuuuuuuX YELLOW,SG,,5
1,UG,HGQ04,#b4181d,GQuuuuuuX RED,SG,,5
1,UG,HGQ05,#423c3b,GQuuuuuuX DARK GRAY,SG,,5
1,UG,HGQ06,#f05a67,RED GUNDAM PINK,SG,,5
1,UG,HGQ07,#bf2640,RED GUNDAM RED,SG,,5
1,UG,HUG01,#ebf3f6,RX-78-2 GUNDAM WHITE,SG,,5
1,UG,HUG02,#0153a0,RX-78-2 GUNDAM BLUE,SG,,5
1,UG,HUG03,#fcba13,RX-78-2 GUNDAM YELLOW,SG,,5
1,UG,HUG04,#ee1d23,RX-78-2 GUNDAM RED,SG,,5
1,UG,HUG05,#dc6c70,PINK FOR CHAR AZNABLE,SG,,5
1,UG,HUG06,#892e4f,RED FOR CHAR AZNABLE,SG,,5
1,UG,HUG07,#0f0b15,MS PHANTOM GRAY,SG,,5
1,UG,HUG08,#080917,MS TITANS BLUE 1,SG,,5
1,UG,HUG09,#080e58,MS TITANS BLUE 2,SG,,5
1,UG,HUG101,#5582ab,SWORD STRIKE BLUE,SG,,5
1,UG,HUG102,#3b5b52,LAUNCHER STRIKE GREEN,SG,,5
1,UG,HUG103,#f0d5e6,STRIKE ROUGE PINK,SG,,5
1,UG,HUG104,#b3bbbe,DEACTIVE WHITE,SG,,5
1,UG,HUG105,#5b6b77,DEACTIVE GRAY,SG,,5
1,UG,HUG106,#231f20,DEACTIVE BLACK,SG,,5
1,UG,HUG107,#0078bf,FREEDOM BLUE,SG,,5
1,UG,HUG108,#b66886,JUSTICE PINK,SG,,5
1,UG,HUG201,#d82628,SWORD IMPULSE RED,SG,,5
1,UG,HUG202,#3c5a31,BLAST IMPULSE GREEN,SG,,5
1,UG,HUG203,#6db2b0,SKY BLUE FOR YZAK JULE,SG,,5
1,UG,HUG204,#cd2853,PINK FOR LUNAMARIA HAWKE,SG,,5
1,UG,HUG205,#c299c5,PURPLE FOR REY ZA BURREL,SG,,5
1,UG,HUG206,#c52447,DESTINY RED,SG,,5
1,UG,HUG207,#f17097,LIVE CONCERT PINK,SG,,5
1,UG,HUG208,#f58420,ORANGE FOR HEINE WESTENFLUSS,SG,,5
1,UG,HUG301,#2f69a6,RISING FREEDOM BLUE,SG,,5
1,UG,HUG302,#b6404f,IMMORTAL JUSTICE RED,SG,,5
1,UG,HUG303,#231f20,BLACK KNIGHT SQUAD BLACK,SG,,5
1,UG,HUG304,#4f7bbe,GYAN STROM (AGNES CUSTOM) BLUE,SG,,5
1,UG,HUG305,#080036,MIGHTY STRIKE FREEDOM DARK BLUE,SG,,5
1,UG,HUG306,#cb556a,INFINITE JUSTICE TYPE II RED,SG,,5
1,UG,HUG307,#7e7e95,DUEL BLITZ BLUE GRAY,SG,,5
1,UG,HUG308,#f2f1ec,LIGHTNING BUSTER WHITE,SG,,5
1,UG,HUG309,#a8a6a5,DESTINY Specll LIGHT GRAY,SG,,5
1,UG,HUG310,#d4e5f5,DESTINY Specll LIGHT BLUE,SG,,5
1,UG,HUG311,#cfbd10,ZEUS SILHOUETTE GOLD,ME,,5
1,UG,XHUG01,#4f7bbe,GUNDAM AERIAL BLUE,SG,,5
1,UG,XHUG02,#f8fafd,GUNDAM AERIAL WHITE,SG,,5
1,UG,XHUG03,#808285,GUNDAM AERIAL GRAY,SG,,5
1,UG,XHUG04,#b12c7d,GUNDAM LFRITH PINK,SG,,5
1,UG,XHUG05,#867e86,GUNDAM LFRITH GRAY,SG,,5
1,UG,XHUG06,#cacc99,CHUCHUʼS DEMI TRAINER YELLOW,SG,,5
1,UG,XHUG07,#9e3c35,DARILBALDE RED,SG,,5
1,UG,XHUG08,#616777,GUNDAM PHARACT GRAY,SG,,5
1,UG,XHUG09,#a19ebd,MICHAELIS PURPLE,SG,,5
1,UG,XHUG10,#534d76,BEGUIR-PENTE VIOLET,SG,,5
1,UG,XHUG11,#347c7a,GUNDAM LFRITH UR GREEN,SG,,5
1,UG,XHUG12,#918176,GUNDAM LFRITH THORN BROWN,SG,,5
1,UG,XHUG13,#374b6e,GUNDAM AERIAL REBUILD BLUE,SG,,5
0,W,WC01,#211e1d,MULTI BLACK WEATHERING COLOR,W,,4
0,W,WC02,#271c13,GROUND BROWN WEATHERING COLOR,W,,4
0,W,WC03,#623122,STAIN BROWN WEATHERING COLOR,W,,4
0,W,WC04,#d2c3ae,SANDY WASH WEATHERING COLOR,W,,4
0,W,WC05,#dddddd,MULTI WHITE WEATHERING COLOR,W,,4
0,W,WC06,#64656a,MULTI GRAY WEATHERING COLOR,W,,4
0,W,WC07,#8c7457,GRAYISH BROWN WEATHERING COLOR,W,,4
0,W,WC08,#c07d47,RUST ORANGE WEATHERING COLOR,W,,4
0,W,WC09,#163866,SHADE BLUE FILTER LIQUID,W,,4
0,W,WC10,#efcd48,SPOT YELLOW FILTER LIQUID,W,,4
0,W,WC11,#867399,LAYER VIOLET FILTER LIQUID,W,,4
0,W,WC12,#3a583a,FACE GREEN FILTER LIQUID,W,,4
3,W,WT01,#ffffff,WHITE WEATHERING COLOR GOUACHE,W,,4
3,W,WT02,#030303,BLACK WEATHERING COLOR GOUACHE,W,,4
3,W,WT03,#6e675e,LIGHT MUD BLOWN WEATHERING COLOR GOUACHE,W,,4
3,W,WT04,#e4864d,LIGHT RUST WEATHERING COLOR GOUACHE,W,,4
3,W,WT05,#d2c8b6,LIGHT DUST WEATHERING COLOR GOUACHE,W,,4
3,W,WT06,#b1a4a1,BURNT UMBER WEATHERING COLOR GOUACHE,W,,4
0,W,MIG01,#614f28,DARK WASH WWⅡ WESTERN FRONT,W,,4
0,W,MIG02,#5c2f1c,DARK STREAKING GRIME WWⅡ WESTERN FRONT,W,,4
0,W,MIG03,#f7f3df,DRY MUD WWⅡ WESTERN FRONT,W,,4
0,W,MIG04,#e7dec2,EUROPE DUST WWⅡ WESTERN FRONT,W,,4
0,W,MIG05,#564b27,WINTER WASH WWⅡ EASTERN FRONT,W,,4
0,W,MIG06,#352315,WINTER STREAKING GRIME WWⅡ EASTERN FRONT,W,,4
0,W,MIG07,#543a1f,FRESH DARK MUD WWⅡ EASTERN FRONT,W,,4
0,W,MIG08,#c28861,DRY EARTH WWⅡ EASTERN FRONT,W,,4
0,W,MIG09,#ead8a1,SAND FILTER WWⅡ AFRIKA KORPS,W,,4
0,W,MIG10,#543f20,WINTER STREAKING GRIME WWⅡ AFRIKA KORPS,W,,4
0,W,MIG11,#d0a375,GREY STREAKING GRIME WWⅡ AFRIKA KORPS,W,,4
0,W,MIG12,#f7f3c5,LIGHT DUST WWⅡ AFRIKA KORPS,W,,4
0,W,MIG13,#230a07,FUEL & OIL,W,,4
0,W,MIG14,#805e33,EARTH & GRIME,W,,4
3,W,MIG15,#54341b,CHIPPING,W,,4
0,W,MIG16,#b13a2e,RUST,W,,4
0,C,CA01,#3a3b3d,GLAY TONE 1,G,,1
0,C,CA02,#6e7073,GLAY TONE 2,G,,1
0,C,CA03,#a1a2a6,GLAY TONE 3,G,,1
0,C,CA04,#ddddde,GLAY TONE 4,G,,1
0,C,CA05,#5b5354,CARBON GLAY,SG,,1
0,C,CRE01,#6f2e32,CRANBERRY RED PEARL,PA,P,1
0,C,CRE02,#27bdbe,CERULEAN BLUE,G,P,1
0,C,CRE03,#374a3f,BRITISH GREEN,G,P,1
0,C,UM01,#97999c,ULTRA SILVER,ME,,1
0,C,UM02,#d5a828,ULTRA GOLD,ME,,1
0,C,CV01,#b04d40,VELVET RED,ME,,1
0,C,CV02,#1f5293,VELVET BLUE,ME,,1
0,C,CV03,#367c5f,VELVET GREEN,ME,,1
0,C,CV04,#8e69ad,VELVET PURPLE,ME,,1
0,C,CV05,#896039,VELVET BROWN,ME,,1
0,C,CV06,#4d4b48,VELVET BLACK,ME,,1
0,C,CV07,#f9fbe9,VELVET BEIGE,ME,,1
0,C,LAC101,#231f20,ALUMITE BLACK,SG,,1
0,C,LAC102,#514946,PARKER GUN METALLIC,ME,,1
0,C,LAC103,#a8a9ad,STAINLESS SILVER,ME,,1
0,C,LAC104,#002d49,BLUED GUN METALLIC,ME,,1
0,C,LAC105,#8e804e,FLAT DARK EARTH 1,M,,1
0,C,LAC106,#877059,FLAT DARK EARTH 2,M,,1
0,C,CKA01,#97c93c,Kawasaki LIME GREEN,SG,,1
0,C,XGC01,#e0e1de,BRUNHILD WHITE,G,,1
0,C,XGC02,#39828b,HYPERION GREEN,G,,1
0,C,XGC03,#859e78,FREE PLANETS ALLIANCE STANDARD BATTLESHIP GREEN,G,,1
0,C,XAC01,#3c4f6e,STEEL HAZE DARK BLUE,SG,,1
0,C,XAC02,#442d25,STEEL HAZE DARK BROWN,SG,,1
0,C,XUC01,#c8c8c9,SILVER GULL SILVER,ME,,1
0,C,XUC02,#bd3741,SILVER GULL RED,SG,,1
0,C,XUC03,#2c3967,SILVER GULL BLUE,SG,,1
0,C,XGP01,#26404e,OARAI GRAY,SG,,1
0,C,XGP02,#6e3518,OARAI BROWN,SG,,1
0,C,XGP03,#4b5e2c,ST.GLORIANA KHAKI GREEN,SG,,1
1,M,GM04,#d6ba85,高达金,G,,8
1,M,GM05,#bdbebb,高达银,ME,,8
1,M,GM06,#005aaa,高达蓝,G,,8
1,M,GM07,#ed1846,高达红,G,,8
1,M,GM08,#faa619,高达黄,G,,8
1,M,GM09,#09b26a,高达眼绿,FL,,8
1,M,GM10,#051922,高达黑,G,,8
1,M,GM11,#f2f2f3,高达白,G,,8
1,M,GM12,#808285,高达灰,G,,8
1,M,GM13,#586c87,高达机械灰,G,,8
1,M,GM14,#f287b6,高达荧光粉,FL,,8
1,M,GM15,#a3cf62,高达荧光绿,FL,,8
1,M,GM16,#c35852,高达金属红,ME,,8
1,M,GM17,#779fc1,高达金属蓝,ME,,8
1,M,GM18,#6b9a79,高达金属绿,ME,,8
1,M,GM19,#7e749a,高达金属紫,ME,,8
1,M,GM501,#ffffff,光泽透明,C,,8
1,M,GM502,#ffffff,消光透明,C,,8
1,M,XGM01,#f2f2f3,新白,ME,,8
1,M,XGM02,#c5c6c4,闪光银,ME,,8
1,M,XGM03,#d2584b,皇家金属红,ME,,8
1,M,XGM04,#4974b9,宇宙金属蓝,ME,,8
1,M,XGM05,#b59582,重炮金属,ME,,8
1,M,XGM06,#69c28f,发光金属绿,ME,,8
1,M,XGM07,#dbc085,白金,ME,,8
1,M,XGM08,#ddbf5e,黄金,ME,,8
1,M,XGM100,#878987,高达电镀银,ME,,8
1,M,XGM301,#e8e7dc,珍珠白,PA,,8
1,M,XGM302,#dbbc54,珍珠金,PA,,8
1,M,XGM201,#a7b6bf,月光蝶全息银,ME,,8
1,M,XGM202,#a57998,三红全息红,ME,,8
1,M,XGM203,#e4d764,HEPE全息黄,ME,,8
1,M,XGM204,#00baf2,光之翼全息蓝,ME,,8
1,M,XGM205,#93cc84,精神感应框体全息绿,ME,,8
1,M,GM01,#231f20,渗线用（黑）,G,,8
1,M,GM02,#4d4d4f,渗线用（灰）,G,,8
1,M,GM03,#733247,渗线用（棕）,G,,8
3,M,GM20,#231f20,渗线毛笔（黑）,G,,8
3,M,GM21,#4d4d4f,渗线毛笔（灰）,G,,8
1,M,GM22,#2c2e35,高达枪金属,ME,,8
1,M,GM300,#ffffff,除漆笔,G,,8
1,M,GM301,#201818,流渗线笔（黑）,G,,8
1,M,GM302,#909090,流渗线笔（灰）,G,,8
1,M,GM303,#704038,流渗线笔（棕）,G,,8
1,M,GM311,#f05828,流渗线笔（橙1）,G,,8
1,M,GM312,#283890,流渗线笔（蓝1）,G,,8
1,M,GM313,#004830,流渗线笔（橄榄）,G,,8
3,M,GM400,#ffffff,晕染笔,G,,8
3,M,GM401,#485d81,真实触感灰,G,,8
3,M,GM402,#4a4d56,真实触感灰2,G,,8
3,M,GM403,#04489b,真实触感蓝1,G,,8
3,M,GM404,#7a1b5d,真实触感红1,G,,8
3,M,GM405,#ff7e43,真实触感橙1,G,,8
3,M,GM406,#2c2e35,真实触感灰3,G,,8
3,M,GM407,#7e3930,真实触感棕,G,,8
3,M,GM408,#2c5c3f,真实触感绿1,G,,8
3,M,GM409,#ff9c53,真实触感黄1,G,,8
3,M,GM410,#ffbdcd,真实触感粉1,G,,8
1,M,GM34,#c82048,夏亚粉红,G,,8
1,M,GM35,#902848,夏亚红,G,,8
1,M,GM36,#285048,扎古深绿,G,,8
1,M,GM37,#488858,扎古浅绿,G,,8
1,M,GM38,#000010,幻影灰,G,,8
1,M,GM39,#284050,吉翁号灰,G,,8
1,M,GM40,#d01820,SEED红,G,,8
1,M,GM41,#f8a810,SEED黄,G,,8
1,M,GM42,#e0e8e8,SEED白,G,,8
1,M,GM43,#0088c8,SEED蓝,G,,8
1,M,GM44,#606060,SEED灰,G,,8
1,M,GM45,#002048,SEED深蓝,G,,8
1,M,GM46,#d01820,高达红,G,,8
1,M,GM47,#f8a018,高达黄,G,,8
1,M,GM48,#001820,高达黑,G,,8
1,M,GM184,#f0f0f0,高达新白,G,,8
1,M,GM50,#f080b0,高达荧光粉,G,,8
1,M,GM51,#388858,高达金属绿,ME,,8
1,M,GM151,#e8d8c0,金属套装金,ME,,8
1,M,GM152,#e0e0e0,金属套装银,ME,,8
1,M,GM153,#0058a8,金属套装蓝,ME,,8
1,M,GM154,#b0d8a0,金属套装绿,ME,,8
1,M,GM155,#f09890,金属套装红,ME,,8
1,M,GM166,#282020,高达新白,G,,8
1,M,GM167,#d09828,高达红金,ME,,8
1,M,GM168,#0090d8,高达浅蓝,G,,8
1,M,GM169,#482880,高达紫,G,,8
1,M,GM170,#080850,提坦斯蓝,G,,8
1,M,GM171,#c82048,夏亚粉红2,G,,8
1,M,GM172,#787878,金属黑,ME,,8
1,M,GM173,#0848a0,金属深蓝,ME,,8
1,M,GM174,#b0d8a0,金属黄绿,ME,,8
1,M,GM175,#f8c090,金属橙,ME,,8
1,M,GM176,#f8d0e0,金属粉红,ME,,8
1,M,GM177,#d8d8d8,闪光银,ME,,8
1,M,GM178,#e0d0b0,高达金,ME,,8
1,M,GM179,#d8d8d8,闪光银,ME,,8
1,M,GM180,#e0e0e0,高达枪金属,ME,,8
1,M,GM181,#f09890,皇家金属红,ME,,8
1,M,GM182,#0058a8,宇宙金属蓝,ME,,8
1,M,GM183,#506880,高达机械灰,G,,8
1,M,GM185,#c0a880,MSV深黄,G,,8
1,M,GM186,#483838,MSV红棕,G,,8
1,M,GM187,#607060,MSV深绿,G,,8
1,M,GM188,#98b0b0,MSV浅蓝,G,,8
1,M,GM189,#403830,MSV棕绿,G,,8
1,M,GM190,#283038,MSV深灰,G,,8
1,M,TM01,#685870,30MM框架灰,G,,8
1,M,TM02,#e8d8c0,30MM金（细芯）,ME,,8
1,M,TM03,#d8d8d8,30MM银（细芯）,ME,,8
1,M,TM04,#e0e0e0,30MM枪金属,ME,,8
1,M,TM05,#b0d8c0,30MM金属绿（细芯）,ME,,8
1,M,TM06,#201818,30MM黑,G,,8
1,M,TM07,#a0a0a0,30MM白,G,,8
1,M,TM08,#485890,30MM蓝紫,G,,8
1,M,TM09,#384828,30MM绿,G,,8
1,M,TM10,#586830,30MM暗卡其绿,G,,8
1,M,TM11,#484848,30MM深灰,G,,8
1,M,TM12,#484848,30MM渗线笔,G,,8
1,M,PSM01,#201818,恐龙骨架黑,G,,8
1,M,PSM02,#205838,恐龙骨架绿,G,,8
1,M,PSM03,#802860,恐龙骨架红,G,,8
1,M,PSM04,#703830,恐龙骨架棕,G,,8
1,M,PSM05,#d89050,恐龙骨架黄,G,,8
1,M,PSM06,#204080,恐龙骨架蓝,G,,8
